Handle,Title,Vendor,SKU,Retail Price,Cost Per Item
alligator-stroller-toy,Alligator Stroller Toy,Apple Park & Organic Farm Buddies,TP1746,35.0,22.75
apple-crinkle-mat,Apple Crinkle Mat,Apple Park & Organic Farm Buddies,TMA57,10.0,6.5
apple-park-kids-wren,Apple Park Kids,Apple Park & Organic Farm Buddies,TP1958,55.0,35.75
apple-park-kids-luke,Apple Park Kids,Apple Park & Organic Farm Buddies,TP0146,55.0,35.75
apple-park-kids-levi-in-sage,Apple Park Kids,Apple Park & Organic Farm Buddies,TP0145,55.0,35.75
apple-park-kids-mia-in-dusty-rose,Apple Park Kids,Apple Park & Organic Farm Buddies,TP0142,55.0,35.75
apple-park-kids-grady,Apple Park Kids,Apple Park & Organic Farm Buddies,TP0147,55.0,35.75
apple-park-kids-alex,Apple Park Kids,Apple Park & Organic Farm Buddies,TMF56,55.0,35.75
apple-park-kids-gwen,Apple Park Kids,Apple Park & Organic Farm Buddies,TMF53,55.0,35.75
apple-park-kids-ella-in-pink-floral-dress,Apple Park Kids,Apple Park & Organic Farm Buddies,TM983,55.0,35.75
apple-stroller-toy,Apple Stroller Toy,Apple Park & Organic Farm Buddies,TMB87,22.5,14.63
avocado-crinkle-mat,Avocado Crinkle Mat,Apple Park & Organic Farm Buddies,TMC54,10.0,6.5
avocado-stroller-toy,Avocado Stroller Toy,Apple Park & Organic Farm Buddies,TMC53,22.5,14.63
baby-doll-mint,Baby Doll,Apple Park & Organic Farm Buddies,TMG75,49.5,32.18
baby-doll-cream,Baby Doll,Apple Park & Organic Farm Buddies,TMC52,49.5,32.18
baby-doll-blue,Baby Doll,Apple Park & Organic Farm Buddies,TM621,49.5,32.18
baby-doll-pink,Baby Doll,Apple Park & Organic Farm Buddies,TM620,49.5,32.18
ballerina-mouse-blankie,Ballerina Mouse - Blankie,Apple Park & Organic Farm Buddies,TF023,20.0,13.0
ballerina-mouse-teething-rattle,Ballerina Mouse - Teething Rattle,Apple Park & Organic Farm Buddies,TF015,16.0,10.4
bamboo-blend-2-ply-receiving-blanket-seaside-treasures,Bamboo Blend 2-ply Receiving Blanket,Apple Park & Organic Farm Buddies,TP2136,39.0,25.35
bamboo-blend-2-ply-receiving-blanket-chill-quill,Bamboo Blend 2-ply Receiving Blanket,Apple Park & Organic Farm Buddies,TP1801,39.0,25.35
bamboo-blend-2-ply-receiving-blanket-woodland-dreams,Bamboo Blend 2-ply Receiving Blanket,Apple Park & Organic Farm Buddies,TP1881,39.0,25.35
bamboo-blend-2-ply-receiving-blanket-squirrel-scurry,Bamboo Blend 2-ply Receiving Blanket,Apple Park & Organic Farm Buddies,TP1841,39.0,25.35
bamboo-blend-2-ply-receiving-blanket-wild-at-heart,Bamboo Blend 2-ply Receiving Blanket,Apple Park & Organic Farm Buddies,TP1926,39.0,25.35
bamboo-blend-baby-blanket-canyon,Bamboo Blend Baby Blanket,Apple Park & Organic Farm Buddies,TP0953,39.0,25.35
bamboo-blend-baby-blanket-minty-bear-bloom,Bamboo Blend Baby Blanket,Apple Park & Organic Farm Buddies,TP0929,39.0,25.35
bamboo-blend-baby-blanket-boho-woodland,Bamboo Blend Baby Blanket,Apple Park & Organic Farm Buddies,TP0900,39.0,25.35
bamboo-blend-baby-blanket-wild-horses,Bamboo Blend Baby Blanket,Apple Park & Organic Farm Buddies,TP0982,39.0,25.35
bamboo-blend-baby-blanket-little-fox-plush-set,Bamboo Blend Baby Blanket + Little Fox Plush Set,Apple Park & Organic Farm Buddies,TP1978,65.0,42.25
bamboo-blend-convertible-coverall-farmyard-cruisers,Bamboo Blend Convertible Coverall,Apple Park & Organic Farm Buddies,TP2094,40.0,26.0
bamboo-blend-convertible-coverall-blooming-saguaro,Bamboo Blend Convertible Coverall,Apple Park & Organic Farm Buddies,TP2156,40.0,26.0
bamboo-blend-convertible-coverall-seaside-treasures,Bamboo Blend Convertible Coverall,Apple Park & Organic Farm Buddies,TP2121,40.0,26.0
bamboo-blend-convertible-coverall-chill-quill,Bamboo Blend Convertible Coverall,Apple Park & Organic Farm Buddies,TP1789,40.0,26.0
bamboo-blend-convertible-coverall-squirrel-scurry,Bamboo Blend Convertible Coverall,Apple Park & Organic Farm Buddies,TP1829,40.0,26.0
bamboo-blend-convertible-coverall-wild-at-heart,Bamboo Blend Convertible Coverall,Apple Park & Organic Farm Buddies,TP1909,40.0,26.0
bamboo-blend-convertible-coverall-woodland-dreams,Bamboo Blend Convertible Coverall,Apple Park & Organic Farm Buddies,TP1864,40.0,26.0
bamboo-blend-crewneck-long-sleeve-shirt-chill-quill,Bamboo Blend Crewneck Long Sleeve Shirt,Apple Park & Organic Farm Buddies,TP1776,32.0,20.8
bamboo-blend-crewneck-long-sleeve-shirt-squirrel-scurry,Bamboo Blend Crewneck Long Sleeve Shirt,Apple Park & Organic Farm Buddies,TP1810,32.0,20.8
bamboo-blend-footie-wild-horses,Bamboo Blend Footie,Apple Park & Organic Farm Buddies,TP0979,15.0,9.75
bamboo-blend-footie-raspberry,Bamboo Blend Footie,Apple Park & Organic Farm Buddies,TP1145,15.0,9.75
bamboo-blend-footie-ice-cream-rattle-set-sugar-rush,Bamboo Blend Footie & Ice Cream Rattle Set - Sugar Rush,Apple Park & Organic Farm Buddies,TMF47 & TP2185,63.5,41.28
bamboo-blend-footie-shell-rattle-set-seaside-treasures,Bamboo Blend Footie & Shell Rattle Set - Seaside Treasures,Apple Park & Organic Farm Buddies,TP0003 & TP2118,67.5,43.88
bamboo-blend-hat-sleepgown-set-wild-at-heart,Bamboo Blend Hat & Sleepgown Set,Apple Park & Organic Farm Buddies,TP1894,45.5,29.58
bamboo-blend-hat-sleepgown-set-squirrel-scurry,Bamboo Blend Hat & Sleepgown Set,Apple Park & Organic Farm Buddies,TP1802,45.5,29.58
bamboo-blend-hat-sleepgown-set-woodland-dreams,Bamboo Blend Hat & Sleepgown Set,Apple Park & Organic Farm Buddies,TP1842,45.5,29.58
bamboo-blend-hat-sleepgown-set-chill-quill,Bamboo Blend Hat & Sleepgown Set,Apple Park & Organic Farm Buddies,TP1762,45.5,29.58
bamboo-blend-kangaroo-romper-squirrel-scurry,Bamboo Blend Kangaroo Romper,Apple Park & Organic Farm Buddies,TP1805,46.0,29.9
bamboo-blend-kangaroo-romper-chill-quill,Bamboo Blend Kangaroo Romper,Apple Park & Organic Farm Buddies,TP1771,46.0,29.9
bamboo-blend-layette-pant-blooming-saguaro,Bamboo Blend Layette Pant,Apple Park & Organic Farm Buddies,TP2211,24.0,15.6
bamboo-blend-layette-pant-wild-at-heart,Bamboo Blend Layette Pant,Apple Park & Organic Farm Buddies,TP1891,24.0,15.6
bamboo-blend-layette-pant-woodland-dreams,Bamboo Blend Layette Pant,Apple Park & Organic Farm Buddies,TP1885,24.0,15.6
bamboo-blend-layette-set-wild-at-heart,Bamboo Blend Layette Set,Apple Park & Organic Farm Buddies,TP1075 & TP1888 & TP1891,74.0,48.1
bamboo-blend-layette-set-blooming-saguaro,Bamboo Blend Layette Set,Apple Park & Organic Farm Buddies,TP1113 & TP2220 & TP2223,74.0,48.1
bamboo-blend-layette-set-woodland-dreams,Bamboo Blend Layette Set,Apple Park & Organic Farm Buddies,TP1132 & TP1882 & TP1885,74.0,48.1
bamboo-blend-leggings-woodland-dreams,Bamboo Blend Leggings - Woodland Dreams,Apple Park & Organic Farm Buddies,TP1845,22.0,14.3
bamboo-blend-long-sleeve-gathered-romper-woodland-dreams,Bamboo Blend Long Sleeve Gathered Romper,Apple Park & Organic Farm Buddies,TP1870,45.0,29.25
bamboo-blend-long-sleeve-gathered-romper-wild-at-heart,Bamboo Blend Long Sleeve Gathered Romper,Apple Park & Organic Farm Buddies,TP1915,45.0,29.25
bamboo-blend-long-sleeve-ruffle-dress-chill-quill,Bamboo Blend Long Sleeve Ruffle Dress,Apple Park & Organic Farm Buddies,TP1765,28.8,18.72
bamboo-blend-long-sleeve-ruffle-dress-squirrel-scurry,Bamboo Blend Long Sleeve Ruffle Dress,Apple Park & Organic Farm Buddies,TP1817,28.8,18.72
bamboo-blend-long-sleeve-twirly-tee-dress-wild-at-heart,Bamboo Blend Long Sleeve Twirly Tee Dress,Apple Park & Organic Farm Buddies,TP1897,48.0,31.2
bamboo-blend-long-sleeve-twirly-tee-dress-woodland-dreams,Bamboo Blend Long Sleeve Twirly Tee Dress,Apple Park & Organic Farm Buddies,TP1852,48.0,31.2
bamboo-blend-pajamas-breezy-bay-stripe,Bamboo Blend Pajamas,Apple Park & Organic Farm Buddies,TP2162,42.0,27.3
bamboo-blend-pajamas-farmyard-cruisers,Bamboo Blend Pajamas,Apple Park & Organic Farm Buddies,TP2100,42.0,27.3
bamboo-blend-pajamas-seaside-treasures,Bamboo Blend Pajamas,Apple Park & Organic Farm Buddies,TP2127,42.0,27.3
bamboo-blend-pajamas-blooming-saguaro,Bamboo Blend Pajamas,Apple Park & Organic Farm Buddies,TP2226,42.0,27.3
bamboo-blend-pajamas-chill-quill,Bamboo Blend Pajamas,Apple Park & Organic Farm Buddies,TP1795,42.0,27.3
bamboo-blend-pajamas-woodland-dreams,Bamboo Blend Pajamas,Apple Park & Organic Farm Buddies,TP1875,42.0,27.3
bamboo-blend-pajamas-wild-at-heart,Bamboo Blend Pajamas,Apple Park & Organic Farm Buddies,TP1920,42.0,27.3
bamboo-blend-pajamas-squirrel-scurry,Bamboo Blend Pajamas,Apple Park & Organic Farm Buddies,TP1835,42.0,27.3
bamboo-blend-pajamas-and-little-bear-plush-blooming-saguaro,Bamboo Blend Pajamas and Little Bear Plush - Blooming Saguaro,Apple Park & Organic Farm Buddies,TP1960 & TP2226,70.0,45.5
bamboo-blend-ruffle-zip-footie-wild-at-heart,Bamboo Blend Ruffle Zip Footie,Apple Park & Organic Farm Buddies,TP1903,42.0,27.3
bamboo-blend-ruffle-zip-footie-woodland-dreams,Bamboo Blend Ruffle Zip Footie,Apple Park & Organic Farm Buddies,TP1858,42.0,27.3
bamboo-blend-short-sleeve-henley-romper-farmyard-cruisers,Bamboo Blend Short Sleeve Henley Romper – Farmyard Cruisers,Apple Park & Organic Farm Buddies,TP2089,42.0,27.3
bamboo-blend-short-sleeve-pocket-tee-blooming-saguaro,Bamboo Blend Short Sleeve Pocket Tee,Apple Park & Organic Farm Buddies,TP2202,29.0,18.85
bamboo-blend-short-sleeve-pocket-tee-breezy-bay-stripe,Bamboo Blend Short Sleeve Pocket Tee,Apple Park & Organic Farm Buddies,TP2147,29.0,18.85
bamboo-blend-short-sleeve-twirly-tee-dress-blooming-saguaro,Bamboo Blend Short Sleeve Twirly Tee Dress,Apple Park & Organic Farm Buddies,TP2193,39.0,25.35
bamboo-blend-short-sleeve-twirly-tee-dress-sugar-rush,Bamboo Blend Short Sleeve Twirly Tee Dress,Apple Park & Organic Farm Buddies,TP2176,39.0,25.35
bamboo-blend-short-sleeve-twirly-tee-dress-seaside-treasures,Bamboo Blend Short Sleeve Twirly Tee Dress,Apple Park & Organic Farm Buddies,TP2109,39.0,25.35
bamboo-blend-skirted-romper-breezy-bay-stripe,Bamboo Blend Skirted Romper,Apple Park & Organic Farm Buddies,TP2142,38.0,24.7
bamboo-blend-skirted-romper-sugar-rush,Bamboo Blend Skirted Romper,Apple Park & Organic Farm Buddies,TP2171,38.0,24.7
bamboo-blend-sleeveless-coverall-romper-blooming-saguaro,Bamboo Blend Sleeveless Coverall Romper,Apple Park & Organic Farm Buddies,TP2188,22.2,14.43
bamboo-blend-sleeveless-coverall-romper-breezy-bay-stripe,Bamboo Blend Sleeveless Coverall Romper,Apple Park & Organic Farm Buddies,TP2137,22.2,14.43
bamboo-blend-snap-footie-horseshoe-stroller-toy-set-canyon,Bamboo Blend Snap Footie & Horseshoe Stroller Toy Set,Apple Park & Organic Farm Buddies,TP1014 & TP0950,58.5,38.03
bamboo-blend-snap-footie-horseshoe-stroller-toy-set-wild-horses,Bamboo Blend Snap Footie & Horseshoe Stroller Toy Set,Apple Park & Organic Farm Buddies,TP1015 & TP0979,58.5,38.03
bamboo-blend-squirrel-scurry-pjs-matching-doll-pajamas,Bamboo Blend Squirrel Scurry PJs + Matching Doll Pajamas,Apple Park & Organic Farm Buddies,TP1981 and TP1835,60.0,39.0
bamboo-blend-woodland-dreams-pjs-matching-doll-pajamas,Bamboo Blend Woodland Dreams PJs + Matching Doll Pajamas,Apple Park & Organic Farm Buddies,TP1982 & TP1875,60.0,39.0
bamboo-blend-wrap-front-long-sleeve-layette-jacket-blooming-saguaro,Bamboo Blend Wrap-Front Long Sleeve Layette Jacket,Apple Park & Organic Farm Buddies,TP2220,28.0,18.2
bamboo-blend-wrap-front-long-sleeve-layette-jacket-woodland-dreams,Bamboo Blend Wrap-Front Long Sleeve Layette Jacket,Apple Park & Organic Farm Buddies,TP1882,28.0,18.2
bamboo-blend-wrap-front-long-sleeve-layette-jacket-wild-at-heart,Bamboo Blend Wrap-Front Long Sleeve Layette Jacket,Apple Park & Organic Farm Buddies,TP1888,28.0,18.2
bamboo-blend-zip-footie-sugar-rush,Bamboo Blend Zip Footie,Apple Park & Organic Farm Buddies,TP2185,41.5,26.98
bamboo-blend-zip-footie-seaside-treasures,Bamboo Blend Zip Footie,Apple Park & Organic Farm Buddies,TP2118,41.5,26.98
bamboo-blend-zip-footie-squirrel-scurry,Bamboo Blend Zip Footie,Apple Park & Organic Farm Buddies,TP1823,41.5,26.98
bamboo-blend-zip-footie-chill-quill,Bamboo Blend Zip Footie,Apple Park & Organic Farm Buddies,TP1783,41.5,26.98
bamboo-blend-zipper-footie-little-bear-plush-set-minty-bear-bloom,Bamboo Blend Zipper Footie & Little Bear Plush Set - Minty Bear Bloom,Apple Park & Organic Farm Buddies,TP1011 & TP0926,70.5,45.83
bamboo-blend-zipper-footie-with-ruffles-minty-bear-bloom,Bamboo Blend Zipper Footie with Ruffles - Minty Bear Bloom,Apple Park & Organic Farm Buddies,TP0926,42.5,27.63
bamboo-zipper-footie-with-ruffles-boho-woodland,Bamboo Zipper Footie with Ruffles - Boho Woodland,Apple Park & Organic Farm Buddies,TP0897,42.5,27.63
belle-cow-plush,Belle Cow - Plush,Apple Park & Organic Farm Buddies,TF005,24.0,15.6
belle-cow-pacifier-buddy,Belle Cow -Pacifier Buddy,Apple Park & Organic Farm Buddies,TF184,20.0,13.0
belle-the-cow-blankie,Belle the Cow - Blankie,Apple Park & Organic Farm Buddies,TF021,20.0,13.0
belle-the-cow-teething-rattle,Belle the Cow - Teething Rattle,Apple Park & Organic Farm Buddies,TF013,16.0,10.4
bloomers-chambray,Bloomers - Chambray,Apple Park & Organic Farm Buddies,TMF06,22.0,14.3
blouse-chambray,Blouse - Chambray,Apple Park & Organic Farm Buddies,TMF02,30.0,19.5
boxer-dog-pacifier-buddy,Boxer Dog - Pacifier Buddy,Apple Park & Organic Farm Buddies,TF147,20.0,13.0
boxer-dog-plush,Boxer Dog - Plush,Apple Park & Organic Farm Buddies,TF002,24.0,15.6
boxer-the-dog-blankie,Boxer the Dog - Blankie,Apple Park & Organic Farm Buddies,TF018,20.0,13.0
boxer-the-dog-teething-rattle,Boxer the Dog - Teething Rattle,Apple Park & Organic Farm Buddies,TF010,16.0,10.4
candy-rattle,Candy Rattle,Apple Park & Organic Farm Buddies,TMF49,22.0,14.3
carrot-stroller-toy,Carrot Stroller Toy,Apple Park & Organic Farm Buddies,TMB88,22.5,14.63
chambray-long-sleeve-jumpsuit,Chambray Long-sleeve Jumpsuit,Apple Park & Organic Farm Buddies,TP1164,54.0,35.1
coco-hippo-blankie,Coco Hippo - Blankie,Apple Park & Organic Farm Buddies,TF273,20.0,13.0
coco-hippo-pacifier-buddy,Coco Hippo - Pacifier Buddy,Apple Park & Organic Farm Buddies,TF274,20.0,13.0
coco-hippo-plush,Coco Hippo - Plush,Apple Park & Organic Farm Buddies,TF271,24.0,15.6
coco-hippo-teething-rattle,Coco Hippo - Teething Rattle,Apple Park & Organic Farm Buddies,TF272,16.0,10.4
convertible-coverall-teething-rattle-set-blooming-saguaro,Convertible Coverall & Teething Rattle Set,Apple Park & Organic Farm Buddies,TP1987 & TP2214,68.0,44.2
convertible-coverall-teething-rattle-set-breezy-bay-stripe,Convertible Coverall & Teething Rattle Set,Apple Park & Organic Farm Buddies,TP1288 & TP2156,68.0,44.2
cupcake-the-unicorn-blankie,Cupcake the Unicorn - Blankie,Apple Park & Organic Farm Buddies,TF252,20.0,13.0
cupcake-the-unicorn-pacifier-buddy,Cupcake the Unicorn - Pacifier Buddy,Apple Park & Organic Farm Buddies,TF255,20.0,13.0
cupcake-the-unicorn-plush,Cupcake the Unicorn - Plush,Apple Park & Organic Farm Buddies,TF246,24.0,15.6
cupcake-the-unicorn-teething-rattle,Cupcake the Unicorn - Teething Rattle,Apple Park & Organic Farm Buddies,TF249,16.0,10.4
desert-canyon-baby-gift-bundle-bamboo-blend-blanket-horseshoe-toy,Desert Canyon Baby Gift Bundle – Bamboo Blend Blanket + Horseshoe Toy,Apple Park & Organic Farm Buddies,TP1974,58.0,37.7
doll-coverall-farmyard-friends,Doll Coverall,Apple Park & Organic Farm Buddies,TP1932,18.0,11.7
doll-coverall-sugar-rush,Doll Coverall,Apple Park & Organic Farm Buddies,TP1934,18.0,11.7
doll-coverall-wildflower-picnic,Doll Coverall,Apple Park & Organic Farm Buddies,TP1930,18.0,11.7
doll-coverall-zebra-print,Doll Coverall,Apple Park & Organic Farm Buddies,TP0743,15.0,9.75
doll-dress-summer-bounty,Doll Dress,Apple Park & Organic Farm Buddies,TP1928,18.0,11.7
doll-dress-feathered-friends,Doll Dress,Apple Park & Organic Farm Buddies,TP1927,18.0,11.7
doll-dress-earthtone-floral,Doll Dress,Apple Park & Organic Farm Buddies,TP0739,15.0,9.75
doll-dress-mini-mushroom,Doll Dress,Apple Park & Organic Farm Buddies,TP0742,15.0,9.75
doll-dress-pink-flower,Doll Dress,Apple Park & Organic Farm Buddies,TP0740,15.0,9.75
doll-pjs-squirrel-scurry,Doll PJs,Apple Park & Organic Farm Buddies,TP1981,18.0,11.7
doll-pjs-woodland-dreams,Doll PJs,Apple Park & Organic Farm Buddies,TP1982,18.0,11.7
doll-pjs-wild-at-heart,Doll PJs,Apple Park & Organic Farm Buddies,TP1983,18.0,11.7
doll-romper-gingham-grove,Doll Romper,Apple Park & Organic Farm Buddies,TP1929,18.0,11.7
doll-romper-rainbows-ice-cream,Doll Romper,Apple Park & Organic Farm Buddies,TP0741,15.0,9.75
doll-romper-safari-party,Doll Romper,Apple Park & Organic Farm Buddies,TP0744,15.0,9.75
donut-rattle,Donut Rattle,Apple Park & Organic Farm Buddies,TMF50,22.0,14.3
dress-with-puff-sleeves-blue,Dress with Puff Sleeves,Apple Park & Organic Farm Buddies,TP1696,46.0,29.9
dress-with-puff-sleeves-alligator-isle,Dress with Puff Sleeves,Apple Park & Organic Farm Buddies,TP1573,48.0,31.2
dress-with-puff-sleeves-whale-tales,Dress with Puff Sleeves,Apple Park & Organic Farm Buddies,TP1459,48.0,31.2
dress-with-puff-sleeves-zinnia-bloom,Dress with Puff Sleeves,Apple Park & Organic Farm Buddies,TP1523,48.0,31.2
dress-with-puff-sleeves-mustard,Dress with Puff Sleeves,Apple Park & Organic Farm Buddies,TP1607,46.0,29.9
dress-with-puff-sleeves-daisy-dreams,Dress with Puff Sleeves,Apple Park & Organic Farm Buddies,TP1491,48.0,31.2
dress-with-puff-sleeves-lavender,Dress with Puff Sleeves,Apple Park & Organic Farm Buddies,TP1739,46.0,29.9
dress-with-puff-sleeves-teal,Dress with Puff Sleeves,Apple Park & Organic Farm Buddies,TP1665,46.0,29.9
dress-with-puff-sleeves-terra-cotta,Dress with Puff Sleeves,Apple Park & Organic Farm Buddies,TP1638,46.0,29.9
duckys-pond-book-4,Ducky's Pond - Book 4,Apple Park & Organic Farm Buddies,TM444,15.0,9.75
first-baby-doll-mint,First Baby Doll,Apple Park & Organic Farm Buddies,TMG76,30.0,19.5
first-baby-doll-cream,First Baby Doll,Apple Park & Organic Farm Buddies,TM977,30.0,19.5
first-baby-doll-blue,First Baby Doll,Apple Park & Organic Farm Buddies,TM976,30.0,19.5
first-baby-doll-pink,First Baby Doll,Apple Park & Organic Farm Buddies,TM975,30.0,19.5
flutter-sleeve-romper-chambray,Flutter Sleeve Romper - Chambray,Apple Park & Organic Farm Buddies,TMF27,40.0,26.0
franny-flamingo-blankie,Franny Flamingo - Blankie,Apple Park & Organic Farm Buddies,TF269,20.0,13.0
franny-flamingo-pacifier-buddy,Franny Flamingo - Pacifier Buddy,Apple Park & Organic Farm Buddies,TF270,20.0,13.0
franny-flamingo-plush,Franny Flamingo - Plush,Apple Park & Organic Farm Buddies,TF267,24.0,15.6
franny-flamingo-teething-rattle,Franny Flamingo - Teething Rattle,Apple Park & Organic Farm Buddies,TF268,16.0,10.4
frenchy-fox-blankie,Frenchy Fox - Blankie,Apple Park & Organic Farm Buddies,TF095,20.0,13.0
frenchy-fox-pacifier-buddy,Frenchy Fox - Pacifier Buddy,Apple Park & Organic Farm Buddies,TF152,20.0,13.0
frenchy-fox-plush,Frenchy Fox - Plush,Apple Park & Organic Farm Buddies,TF091,24.0,15.6
frenchy-fox-teething-rattle,Frenchy Fox - Teething Rattle,Apple Park & Organic Farm Buddies,TF093,16.0,10.4
fuzzy-dice-soft-block-set,Fuzzy Dice Soft Block Set,Apple Park & Organic Farm Buddies,TMG69,30.0,19.5
george-giraffe-blankie,George Giraffe - Blankie,Apple Park & Organic Farm Buddies,TF207,20.0,13.0
george-giraffe-pacifier-buddy,George Giraffe - Pacifier Buddy,Apple Park & Organic Farm Buddies,TF219,20.0,13.0
george-giraffe-plush,George Giraffe - Plush,Apple Park & Organic Farm Buddies,TF201,24.0,15.6
george-giraffe-teething-rattle,George Giraffe - Teething Rattle,Apple Park & Organic Farm Buddies,TF204,16.0,10.4
georgia-giraffe-blankie,Georgia Giraffe - Blankie,Apple Park & Organic Farm Buddies,TF206,20.0,13.0
georgia-giraffe-pacifier-buddy,Georgia Giraffe - Pacifier Buddy,Apple Park & Organic Farm Buddies,TF218,20.0,13.0
georgia-giraffe-plush,Georgia Giraffe - Plush,Apple Park & Organic Farm Buddies,TF200,24.0,15.6
georgia-giraffe-teething-rattle,Georgia Giraffe - Teething Rattle,Apple Park & Organic Farm Buddies,TF203,16.0,10.4
horseshoe-stroller-toy-wild-horses,Horseshoe Stroller Toy,Apple Park & Organic Farm Buddies,TP1015,19.0,12.35
horseshoe-stroller-toy-canyon,Horseshoe Stroller Toy,Apple Park & Organic Farm Buddies,TP1014,19.0,12.35
ice-cream-rattle,Ice Cream Rattle,Apple Park & Organic Farm Buddies,TMF47,22.0,14.3
jellyfish-stroller-toy-blue,Jellyfish Stroller Toy – Blue,Apple Park & Organic Farm Buddies,TMB76,22.5,14.63
jojo-hippo-blankie,JoJo Hippo - Blankie,Apple Park & Organic Farm Buddies,TF277,20.0,13.0
jojo-hippo-pacifier-buddy,JoJo Hippo - Pacifier Buddy,Apple Park & Organic Farm Buddies,TF278,20.0,13.0
jojo-hippo-plush,JoJo Hippo - Plush,Apple Park & Organic Farm Buddies,TF275,24.0,15.6
jojo-hippo-teething-rattle,JoJo Hippo - Teething Rattle,Apple Park & Organic Farm Buddies,TF276,16.0,10.4
knit-bunny-plush-lila,Knit Bunny Plush,Apple Park & Organic Farm Buddies,TP0745,45.0,29.25
knit-bunny-plush-luella,Knit Bunny Plush,Apple Park & Organic Farm Buddies,TMC84,45.0,29.25
knit-bunny-plush-benny,Knit Bunny Plush,Apple Park & Organic Farm Buddies,TMC81,45.0,29.25
knit-bunny-plush-charlotte,Knit Bunny Plush,Apple Park & Organic Farm Buddies,TMC82,45.0,29.25
knit-bunny-plush-luca,Knit Bunny Plush,Apple Park & Organic Farm Buddies,TMC83,45.0,29.25
knit-bunny-plush-finn,Knit Bunny Plush,Apple Park & Organic Farm Buddies,TMC80,45.0,29.25
knit-patterned-bunny-plush-duke,Knit Patterned Bunny Plush,Apple Park & Organic Farm Buddies,TMC76,28.0,18.2
knit-patterned-bunny-plush-valentine,Knit Patterned Bunny Plush,Apple Park & Organic Farm Buddies,TMC79,28.0,18.2
knit-patterned-bunny-plush-daisy,Knit Patterned Bunny Plush,Apple Park & Organic Farm Buddies,TMC78,28.0,18.2
knit-patterned-bunny-plush-dapper-bunny,Knit Patterned Bunny Plush,Apple Park & Organic Farm Buddies,TMC75,28.0,18.2
knit-patterned-bunny-plush-sparkle,Knit Patterned Bunny Plush,Apple Park & Organic Farm Buddies,TMC77,28.0,18.2
knit-plush-benny-badger,Knit Plush - Benny Badger,Apple Park & Organic Farm Buddies,TMG74,45.0,29.25
kozy-koala-blankie,Kozy Koala - Blankie,Apple Park & Organic Farm Buddies,TF205,18.0,11.7
kozy-koala-pacifier-buddy,Kozy Koala - Pacifier Buddy,Apple Park & Organic Farm Buddies,TF217,20.0,13.0
kozy-koala-plush,Kozy Koala - Plush,Apple Park & Organic Farm Buddies,TF199,22.0,14.3
kozy-koala-teething-rattle,Kozy Koala - Teething Rattle,Apple Park & Organic Farm Buddies,TF202,16.0,10.4
little-bear-plush-blooming-saguaro,Little Bear Plush,Apple Park & Organic Farm Buddies,TP1960,28.0,18.2
little-bear-plush-sage-horses,Little Bear Plush,Apple Park & Organic Farm Buddies,TP0379,28.0,18.2
little-bear-plush-minty-bear-bloom,Little Bear Plush,Apple Park & Organic Farm Buddies,TP1011,28.0,18.2
little-bear-plush-wild-horses,Little Bear Plush,Apple Park & Organic Farm Buddies,TP1012,28.0,18.2
little-bear-plush-safari-party,Little Bear Plush,Apple Park & Organic Farm Buddies,TP0730,28.0,18.2
little-bunny-plush-wildflower-picnic,Little Bunny Plush,Apple Park & Organic Farm Buddies,TP1959,28.0,18.2
little-bunny-plush-lilac-ikebana,Little Bunny Plush,Apple Park & Organic Farm Buddies,TP0378,28.0,18.2
little-bunny-plush-mini-mushroom,Little Bunny Plush,Apple Park & Organic Farm Buddies,TP0728,28.0,18.2
little-bunny-plush-pink-flower,Little Bunny Plush,Apple Park & Organic Farm Buddies,TP0726,26.0,16.9
little-bunny-plush-white,Little Bunny Plush,Apple Park & Organic Farm Buddies,TM981,28.0,18.2
little-bunny-plush-cocoa-brown-vintage-floral,Little Bunny Plush,Apple Park & Organic Farm Buddies,TM979,28.0,18.2
little-bunny-plush-grey-vintage-floral,Little Bunny Plush,Apple Park & Organic Farm Buddies,TM980,28.0,18.2
maggie-monkey-blankie,Maggie Monkey - Blankie,Apple Park & Organic Farm Buddies,TF340,12.0,7.8
maggie-monkey-pacifier-buddy,Maggie Monkey - Pacifier Buddy,Apple Park & Organic Farm Buddies,TF341,12.0,7.8
maggie-monkey-plush,Maggie Monkey - Plush,Apple Park & Organic Farm Buddies,TF338,24.0,15.6
maggie-monkey-teething-rattle,Maggie Monkey - Teething Rattle,Apple Park & Organic Farm Buddies,TF339,16.0,10.4
marvin-monkey-blankie,Marvin Monkey - Blankie,Apple Park & Organic Farm Buddies,TF344,20.0,13.0
marvin-monkey-pacifier-buddy,Marvin Monkey - Pacifier Buddy,Apple Park & Organic Farm Buddies,TF345,20.0,13.0
marvin-monkey-plush,Marvin Monkey - Plush,Apple Park & Organic Farm Buddies,TF342,24.0,15.6
marvin-monkey-teething-rattle,Marvin Monkey - Teething Rattle,Apple Park & Organic Farm Buddies,TF343,16.0,10.4
maude-the-kitty-blankie,Maude the Kitty - Blankie,Apple Park & Organic Farm Buddies,TF330,20.0,13.0
maude-the-kitty-pacifier-buddy,Maude the Kitty - Pacifier Buddy,Apple Park & Organic Farm Buddies,TF331,20.0,13.0
maude-the-kitty-plush,Maude the Kitty - Plush,Apple Park & Organic Farm Buddies,TF328,24.0,15.6
maude-the-kitty-teething-rattle,Maude the Kitty - Teething Rattle,Apple Park & Organic Farm Buddies,TF329,16.0,10.4
mini-avocado-crinkle-blankie,Mini Avocado Crinkle Blankie,Apple Park & Organic Farm Buddies,TMC55,16.5,10.73
mini-crinkle-blankie-carrot,Mini Crinkle Blankie - Carrot,Apple Park & Organic Farm Buddies,TMB81,16.5,10.73
mini-mushroom-bunny-gift-set,Mini Mushroom Bunny Gift Set,Apple Park & Organic Farm Buddies,TP0735 and TP0477,46.0,29.9
mini-radish-crinkle-blankie,Mini Radish Crinkle Blankie,Apple Park & Organic Farm Buddies,TMB83,16.5,10.73
mini-strawberry-crinkle-blankie,Mini Strawberry Crinkle Blankie,Apple Park & Organic Farm Buddies,TMB84,16.5,10.73
mini-watermelon-crinkle-blankie,Mini Watermelon Crinkle Blankie,Apple Park & Organic Farm Buddies,TMB85,16.5,10.73
minty-bear-bloom-baby-blanket-organic-cotton-plush-set,Minty Bear Bloom Baby Blanket & Organic Cotton Plush Set,Apple Park & Organic Farm Buddies,TP0929 & TP1011,65.0,42.25
miss-moo-blankie,Miss Moo - Blankie,Apple Park & Organic Farm Buddies,TF312,20.0,13.0
miss-moo-pacifier-buddy,Miss Moo - Pacifier Buddy,Apple Park & Organic Farm Buddies,TF313,20.0,13.0
miss-moo-plush,Miss Moo - Plush,Apple Park & Organic Farm Buddies,TF310,24.0,15.6
miss-moo-teething-rattle,Miss Moo - Teething Rattle,Apple Park & Organic Farm Buddies,TF311,16.0,10.4
monkey-picnic-pal-blankie-in-box,Monkey Picnic Pal Blankie (in box),Apple Park & Organic Farm Buddies,TM009,30.0,19.5
mr-moo-blankie,Mr. Moo - Blankie,Apple Park & Organic Farm Buddies,TF316,20.0,13.0
mr-moo-pacifier-buddy,Mr. Moo - Pacifier Buddy,Apple Park & Organic Farm Buddies,TF317,20.0,13.0
mr-moo-plush,Mr. Moo - Plush,Apple Park & Organic Farm Buddies,TF314,24.0,15.6
mr-moo-teething-rattle,Mr. Moo - Teething Rattle,Apple Park & Organic Farm Buddies,TF315,16.0,10.4
mushroom-rattle-red,Mushroom Rattle,Apple Park & Organic Farm Buddies,TM357,22.0,14.3
mushroom-rattle-chambray,Mushroom Rattle,Apple Park & Organic Farm Buddies,TP0474,22.0,14.3
mushroom-rattle-caramel,Mushroom Rattle,Apple Park & Organic Farm Buddies,TP0477,22.0,14.3
mushroom-rattle-lavender,Mushroom Rattle,Apple Park & Organic Farm Buddies,TP0476,22.0,14.3
mushroom-rattle-mint-velour,Mushroom Rattle,Apple Park & Organic Farm Buddies,TP0473,22.0,14.3
muslin-bubble-romper-gingham-grove,Muslin Bubble Romper,Apple Park & Organic Farm Buddies,TP2038,22.2,14.43
muslin-bubble-romper-wildflower-picnic,Muslin Bubble Romper,Apple Park & Organic Farm Buddies,TP1993,22.2,14.43
muslin-bubble-romper-summer-bounty,Muslin Bubble Romper,Apple Park & Organic Farm Buddies,TP2076,22.2,14.43
muslin-bubble-romper-daisy-dreams,Muslin Bubble Romper,Apple Park & Organic Farm Buddies,TP1261,22.2,14.43
muslin-bubble-romper-zinnia-bloom,Muslin Bubble Romper,Apple Park & Organic Farm Buddies,TP1284,22.2,14.43
muslin-bubble-romper-flower-teether-set-zinnia-bloom,Muslin Bubble Romper + Flower Teether Set,Apple Park & Organic Farm Buddies,TP1290 & TP1265,64.0,41.6
muslin-bubble-romper-flower-teether-set-daisy-dreams,Muslin Bubble Romper + Flower Teether Set,Apple Park & Organic Farm Buddies,TP1289 & TP1261,59.0,38.35
muslin-bubble-romper-little-plush-bunny-set-wild-flower-picnic,Muslin Bubble Romper + Little Plush Bunny Set - Wild Flower Picnic,Apple Park & Organic Farm Buddies,TP1959 & TP1993,65.0,42.25
muslin-bunny-lovey-pink-flower,Muslin Bunny Lovey,Apple Park & Organic Farm Buddies,TP0733,14.4,9.36
muslin-bunny-lovey-rainbows-ice-cream,Muslin Bunny Lovey,Apple Park & Organic Farm Buddies,TP0734,14.4,9.36
muslin-bunny-lovey-ice-cream-rattle-gift-set,Muslin Bunny Lovey + Ice Cream Rattle Gift Set,Apple Park & Organic Farm Buddies,sku-47314544558292,46.0,29.9
muslin-cabana-romper-gingham-grove,Muslin Cabana Romper,Apple Park & Organic Farm Buddies,TP2033,26.4,17.16
muslin-cabana-romper-feathered-friends,Muslin Cabana Romper,Apple Park & Organic Farm Buddies,TP2011,44.0,28.6
muslin-cabana-romper-summer-bounty,Muslin Cabana Romper,Apple Park & Organic Farm Buddies,TP2071,26.4,17.16
muslin-coverall-alligator-teething-toy-alligator-isle,Muslin Coverall & Alligator Teething Toy - Alligator Isle,Apple Park & Organic Farm Buddies,TP1746 & TP1537,72.0,46.8
muslin-coverall-stroller-toy-set-whale-tales,Muslin Coverall & Stroller Toy Set - Whale Tales,Apple Park & Organic Farm Buddies,TP1288 & TP1219,65.0,42.25
muslin-flutter-sleeve-dress-daisy-dreams,Muslin Flutter Sleeve Dress,Apple Park & Organic Farm Buddies,TP1251,24.0,15.6
muslin-flutter-sleeve-dress-whale-tales,Muslin Flutter Sleeve Dress,Apple Park & Organic Farm Buddies,TP1237,24.0,15.6
muslin-flutter-sleeve-dress-zinnia-bloom,Muslin Flutter Sleeve Dress,Apple Park & Organic Farm Buddies,TP1269,24.0,15.6
muslin-flutter-sleeve-romper-zinnia-bloom,Muslin Flutter Sleeve Romper,Apple Park & Organic Farm Buddies,TP1265,42.0,27.3
muslin-flutter-sleeve-romper-alligator-isle,Muslin Flutter Sleeve Romper,Apple Park & Organic Farm Buddies,TP1555,42.0,27.3
muslin-flutter-sleeve-romper-daisy-dreams,Muslin Flutter Sleeve Romper,Apple Park & Organic Farm Buddies,TP1242,42.0,27.3
muslin-flutter-sleeve-romper-whale-tales,Muslin Flutter Sleeve Romper,Apple Park & Organic Farm Buddies,TP1233,42.0,27.3
muslin-flutter-sleeve-romper-safari-party,Muslin Flutter Sleeve Romper,Apple Park & Organic Farm Buddies,TP0637,42.0,27.3
muslin-flutter-sleeve-romper-rainbows-ice-cream,Muslin Flutter Sleeve Romper,Apple Park & Organic Farm Buddies,TP0568,42.0,27.3
muslin-flutter-sleeve-romper-zebra-print,Muslin Flutter Sleeve Romper,Apple Park & Organic Farm Buddies,TP0614,42.0,27.3
muslin-flutter-sleeve-romper-earthtone-floral,Muslin Flutter Sleeve Romper,Apple Park & Organic Farm Buddies,TP0522,42.0,27.3
muslin-flutter-sleeve-romper-terra-cotta,Muslin Flutter Sleeve Romper,Apple Park & Organic Farm Buddies,TMF84,34.0,22.1
muslin-flutter-sleeve-romper-rust,Muslin Flutter Sleeve Romper,Apple Park & Organic Farm Buddies,TMG07,40.0,26.0
muslin-flutter-sleeve-romper-blue,Muslin Flutter Sleeve Romper,Apple Park & Organic Farm Buddies,TMG51,40.0,26.0
muslin-flutter-sleeve-romper-teal,Muslin Flutter Sleeve Romper,Apple Park & Organic Farm Buddies,TMG29,40.0,26.0
muslin-flutter-sleeve-romper-mustard,Muslin Flutter Sleeve Romper,Apple Park & Organic Farm Buddies,TMF62,40.0,26.0
muslin-flutter-strap-dress-summer-bounty,Muslin Flutter Strap Dress,Apple Park & Organic Farm Buddies,TP2081,48.0,31.2
muslin-flutter-strap-dress-gingham-grove,Muslin Flutter Strap Dress,Apple Park & Organic Farm Buddies,TP2043,48.0,31.2
muslin-flutter-strap-dress-wildflower-picnic,Muslin Flutter Strap Dress,Apple Park & Organic Farm Buddies,TP1998,48.0,31.2
muslin-flutter-strap-dress-feathered-friends,Muslin Flutter Strap Dress,Apple Park & Organic Farm Buddies,TP2016,48.0,31.2
muslin-flutter-strap-dress-little-plush-bunny-set-wildflower-picnic,Muslin Flutter Strap Dress + Little Plush Bunny Set - Wildflower Picnic,Apple Park & Organic Farm Buddies,TP1959 & TP1998,76.0,49.4
muslin-ruffle-romper-with-ties-mustard,Muslin Ruffle Romper With Ties,Apple Park & Organic Farm Buddies,TMF74,21.0,13.65
muslin-ruffle-romper-with-ties-rust,Muslin Ruffle Romper With Ties,Apple Park & Organic Farm Buddies,TMG19,21.0,13.65
muslin-ruffle-romper-with-ties-terra-cotta,Muslin Ruffle Romper With Ties,Apple Park & Organic Farm Buddies,TMF96,21.0,13.65
muslin-ruffle-romper-with-ties-teal,Muslin Ruffle Romper With Ties,Apple Park & Organic Farm Buddies,TMG41,21.0,13.65
muslin-ruffle-romper-with-ties-blue,Muslin Ruffle Romper With Ties,Apple Park & Organic Farm Buddies,TMG63,21.0,13.65
muslin-short-sleeve-romper-teal,Muslin Short Sleeve Romper,Apple Park & Organic Farm Buddies,TP1672,42.0,27.3
muslin-short-sleeve-romper-blue,Muslin Short Sleeve Romper,Apple Park & Organic Farm Buddies,TP1703,42.0,27.3
muslin-short-sleeve-romper-mustard,Muslin Short Sleeve Romper,Apple Park & Organic Farm Buddies,TP1614,42.0,27.3
muslin-shortall-rainbows-ice-cream,Muslin Shortall,Apple Park & Organic Farm Buddies,TP0582,32.0,20.8
muslin-shortall-earthtone-floral,Muslin Shortall,Apple Park & Organic Farm Buddies,TP0536,19.2,12.48
muslin-sleeveless-coverall-whale-tales,Muslin Sleeveless Coverall,Apple Park & Organic Farm Buddies,TP1219,37.0,24.05
muslin-sleeveless-coverall-alligator-isle,Muslin Sleeveless Coverall,Apple Park & Organic Farm Buddies,TP1537,37.0,24.05
muslin-sleeveless-coverall-zebra-print,Muslin Sleeveless Coverall,Apple Park & Organic Farm Buddies,TP0618,34.0,22.1
muslin-sleeveless-coverall-safari-party,Muslin Sleeveless Coverall,Apple Park & Organic Farm Buddies,TP0641,34.0,22.1
muslin-sleeveless-coverall-blue,Muslin Sleeveless Coverall,Apple Park & Organic Farm Buddies,TMG59,35.0,22.75
muslin-sleeveless-coverall-terra-cotta,Muslin Sleeveless Coverall,Apple Park & Organic Farm Buddies,TMF92,35.0,22.75
muslin-sleeveless-coverall-teal,Muslin Sleeveless Coverall,Apple Park & Organic Farm Buddies,TMG37,35.0,22.75
muslin-sleeveless-coverall-mustard,Muslin Sleeveless Coverall,Apple Park & Organic Farm Buddies,TMF70,35.0,22.75
muslin-sleeveless-coverall-rust,Muslin Sleeveless Coverall,Apple Park & Organic Farm Buddies,TMG15,35.0,22.75
muslin-snap-jumpsuit-mustard,Muslin Snap Jumpsuit,Apple Park & Organic Farm Buddies,TP1587,42.0,27.3
muslin-snap-jumpsuit-daisy-dreams,Muslin Snap Jumpsuit,Apple Park & Organic Farm Buddies,TP1480,44.0,28.6
muslin-snap-jumpsuit-alligator-isle,Muslin Snap Jumpsuit,Apple Park & Organic Farm Buddies,TP1548,44.0,28.6
muslin-snap-jumpsuit-blue,Muslin Snap Jumpsuit,Apple Park & Organic Farm Buddies,TP1676,42.0,27.3
muslin-snap-jumpsuit-lavender,Muslin Snap Jumpsuit,Apple Park & Organic Farm Buddies,TP1707,42.0,27.3
muslin-snap-jumpsuit-teal,Muslin Snap Jumpsuit,Apple Park & Organic Farm Buddies,TP1645,42.0,27.3
muslin-snap-jumpsuit-terra-cotta,Muslin Snap Jumpsuit,Apple Park & Organic Farm Buddies,TP1618,42.0,27.3
muslin-snap-jumpsuit-zinnia-bloom,Muslin Snap Jumpsuit,Apple Park & Organic Farm Buddies,TP1512,44.0,28.6
muslin-snap-jumpsuit-whale-tales,Muslin Snap Jumpsuit,Apple Park & Organic Farm Buddies,TP1228,44.0,28.6
muslin-tie-shoulder-jumpsuit-daisy-dreams,Muslin Tie Shoulder Jumpsuit,Apple Park & Organic Farm Buddies,TP1256,30.8,20.02
muslin-tie-shoulder-jumpsuit-whale-tales,Muslin Tie Shoulder Jumpsuit,Apple Park & Organic Farm Buddies,TP1452,26.4,17.16
muslin-tie-shoulder-jumpsuit-zinnia-bloom,Muslin Tie Shoulder Jumpsuit,Apple Park & Organic Farm Buddies,TP1279,30.8,20.02
muslin-tie-shoulder-jumpsuit-alligator-isle,Muslin Tie Shoulder Jumpsuit,Apple Park & Organic Farm Buddies,TP1566,30.8,20.02
muslin-tie-shoulder-jumpsuit-rainbows-ice-cream,Muslin Tie Shoulder Jumpsuit,Apple Park & Organic Farm Buddies,TP0586,44.0,28.6
muslin-tie-shoulder-jumpsuit-mini-mushroom,Muslin Tie Shoulder Jumpsuit,Apple Park & Organic Farm Buddies,TP0609,26.4,17.16
muslin-tie-shoulder-jumpsuit-pink-flower,Muslin Tie Shoulder Jumpsuit,Apple Park & Organic Farm Buddies,TP0563,26.4,17.16
muslin-tie-shoulder-jumpsuit-earthtone-floral,Muslin Tie Shoulder Jumpsuit,Apple Park & Organic Farm Buddies,TP0540,26.4,17.16
muslin-wrap-front-bubble-wildflower-picnic,Muslin Wrap-Front Bubble,Apple Park & Organic Farm Buddies,TP1988,42.0,27.3
muslin-wrap-front-bubble-feathered-friends,Muslin Wrap-Front Bubble,Apple Park & Organic Farm Buddies,TP2006,42.0,27.3
my-first-pal-fox,My First Pal,Apple Park & Organic Farm Buddies,TP1985,30.0,19.5
my-first-pal-cubby,My First Pal,Apple Park & Organic Farm Buddies,TP1984,30.0,19.5
organic-baby-blanket-gift-set-pink-pointelle-cupcake-crinkle-toy,Organic Baby Blanket Gift Set,Apple Park & Organic Farm Buddies,TMB72 & TMF43,48.5,31.53
organic-baby-blanket-gift-set-grey-pointelle-donut-crinkle-blankie,Organic Baby Blanket Gift Set,Apple Park & Organic Farm Buddies,TMB72 & TMF44,48.5,31.53
organic-baby-gift-set-muslin-cabana-romper-eggie-crinkle-blankie,Organic Baby Gift Set – Muslin Cabana Romper + Eggie Crinkle Blankie,Apple Park & Organic Farm Buddies,TP1935 & TP2011,60.0,39.0
organic-cotton-baby-blanket-pink-pointelle,Organic Cotton Baby Blanket,Apple Park & Organic Farm Buddies,TMB59,32.0,20.8
organic-cotton-baby-blanket-grey-pointelle,Organic Cotton Baby Blanket,Apple Park & Organic Farm Buddies,TMB72,32.0,20.8
organic-cotton-pajama-pink-moon-stars,Organic Cotton Pajama - Pink moon & stars,Apple Park & Organic Farm Buddies,TMB04,42.0,27.3
organic-fruit-stroller-toy-collection,Organic Fruit Stroller Toy Collection,Apple Park & Organic Farm Buddies,sku-47314265309396,90.0,58.5
organic-lamb-baby-gift-set-patterned-blankie-matching-rattle,Organic Lamb Baby Gift Set – Patterned Blankie & Matching Rattle,Apple Park & Organic Farm Buddies,TM383A TM387A,52.0,33.8
organic-muslin-romper-whale-toy-gift-set-whale-tales,Organic Muslin Romper & Whale Toy Gift Set - Whale Tales,Apple Park & Organic Farm Buddies,TP1288 & TP1233,70.0,45.5
organic-muslin-tie-shoulder-jumpsuit-doll-dress-set-pink-flower-print,Organic Muslin Tie-Shoulder Jumpsuit & Doll Dress Set – Pink Flower Print,Apple Park & Organic Farm Buddies,sku-47315054002388,62.0,40.3
organic-muslin-zebra-print-overalls-doll-outfit-set,Organic Muslin Zebra Print Overalls & Doll Outfit Set,Apple Park & Organic Farm Buddies,sku-47315072385236,62.0,40.3
organic-sherpa-ducky-blankie-book-set,Organic Sherpa Ducky Blankie & Book Set,Apple Park & Organic Farm Buddies,sku-47314317803732,42.0,27.3
overall-dress-chambray,Overall Dress - Chambray,Apple Park & Organic Farm Buddies,TMF14,42.0,27.3
overalls-chambray,Overalls - Chambray,Apple Park & Organic Farm Buddies,TMF18,45.0,29.25
owl-organic-sherpa-blankie-booties-gift-set,Owl Organic Sherpa Blankie & Booties Gift Set,Apple Park & Organic Farm Buddies,TM385 & TM433,54.0,35.1
pajamas-sloth,Pajamas,Apple Park & Organic Farm Buddies,TMC65,42.0,27.3
pajamas-mint-moon-stars,Pajamas,Apple Park & Organic Farm Buddies,TMB07,42.0,27.3
pants-chambray,Pants - Chambray,Apple Park & Organic Farm Buddies,TMF10,26.0,16.9
park-friends-chloe,Park Friends - Chloe,Apple Park & Organic Farm Buddies,TMF55,55.0,35.75
patterned-blankie-owl,Patterned Blankie- Owl,Apple Park & Organic Farm Buddies,TM385,18.0,11.7
patterned-blankies-purple-owl,Patterned Blankies,Apple Park & Organic Farm Buddies,TM423,18.0,11.7
patterned-blankies-lamby,Patterned Blankies,Apple Park & Organic Farm Buddies,TM383,18.0,11.7
patterned-rattle-lamby,Patterned Rattle,Apple Park & Organic Farm Buddies,TM387,13.2,8.58
patterned-rattle-bunny,Patterned Rattle,Apple Park & Organic Farm Buddies,TM388,13.2,8.58
pepper-stroller-toy,Pepper Stroller Toy,Apple Park & Organic Farm Buddies,TMB89,22.5,14.63
picnic-pal-blankie-ducky-in-box,Picnic Pal Blankie - Ducky (in box),Apple Park & Organic Farm Buddies,TM013,30.0,19.5
picnic-pals-plush-owl,Picnic Pals Plush,Apple Park & Organic Farm Buddies,TM161,49.5,32.18
picnic-pals-plush-ducky,Picnic Pals Plush,Apple Park & Organic Farm Buddies,TM006,49.5,32.18
picnic-pals-plush-cubby,Picnic Pals Plush,Apple Park & Organic Farm Buddies,TM004,49.5,32.18
picnic-pals-plush-bunny,Picnic Pals Plush,Apple Park & Organic Farm Buddies,TM005,49.5,32.18
picnic-pals-plush-lamby,Picnic Pals Plush,Apple Park & Organic Farm Buddies,TM003,35.99,23.39
picnic-pals-plush-monkey,Picnic Pals Plush,Apple Park & Organic Farm Buddies,TM002,49.5,32.18
pirate-pig-blankie,Pirate Pig - Blankie,Apple Park & Organic Farm Buddies,TF019,20.0,13.0
pirate-pig-pacifier-buddy,Pirate Pig - Pacifier Buddy,Apple Park & Organic Farm Buddies,TF183,20.0,13.0
pirate-pig-plush,Pirate Pig - Plush,Apple Park & Organic Farm Buddies,TF003,24.0,15.6
pirate-pig-teething-rattle,Pirate Pig - Teething Rattle,Apple Park & Organic Farm Buddies,TF011,16.0,10.4
popsicle-rattle,Popsicle Rattle,Apple Park & Organic Farm Buddies,TMF51,22.0,14.3
pretzel-rattle,Pretzel Rattle,Apple Park & Organic Farm Buddies,TMF48,22.0,14.3
purple-owl-stroller-toy,Purple Owl Stroller Toy,Apple Park & Organic Farm Buddies,TM630,13.5,8.78
radish-stroller-toy,Radish Stroller Toy,Apple Park & Organic Farm Buddies,TMB90,22.5,14.63
recycled-fabric-lunch-pack-penguin,Recycled Fabric Lunch Pack,Apple Park & Organic Farm Buddies,TM305,26.5,17.23
recycled-fabric-lunch-pack-bunny,Recycled Fabric Lunch Pack,Apple Park & Organic Farm Buddies,TM302,26.5,17.23
recycled-fabric-lunch-pack-purple-owl,Recycled Fabric Lunch Pack,Apple Park & Organic Farm Buddies,TM303,26.5,17.23
recycled-fabric-lunch-pack-cubby,Recycled Fabric Lunch Pack,Apple Park & Organic Farm Buddies,TM301,26.5,17.23
recycled-fabric-lunch-pack-fox,Recycled Fabric Lunch Pack – Fox,Apple Park & Organic Farm Buddies,TM482,26.5,17.23
rita-cheetah-blankie,Rita Cheetah - Blankie,Apple Park & Organic Farm Buddies,TF298,20.0,13.0
rita-cheetah-plush,Rita Cheetah - Plush,Apple Park & Organic Farm Buddies,TF296,24.0,15.6
rita-cheetah-teething-rattle,Rita Cheetah - Teething Rattle,Apple Park & Organic Farm Buddies,TF297,16.0,10.4
sea-life-blanket-jellyfish-stroller-toy-gift-set-organic-cotton-baby-bundle,Sea Life Blanket & Jellyfish Stroller Toy Gift Set – Organic Cotton Baby Bundle,Apple Park & Organic Farm Buddies,TP1977,60.0,39.0
teal-shell-rattle,Shell Rattle,Apple Park & Organic Farm Buddies,TP0003,26.0,16.9
pink-shell-rattle,Shell Rattle,Apple Park & Organic Farm Buddies,TP0002,26.0,16.9
shorts-chambray,Shorts - Chambray,Apple Park & Organic Farm Buddies,TMF23,22.0,14.3
soft-block-set,Soft Block Set,Apple Park & Organic Farm Buddies,TF309,33.0,21.45
soft-teething-rattle-cubby,Soft Teething Rattle,Apple Park & Organic Farm Buddies,TM286,22.0,14.3
soft-teething-rattle-owl,Soft Teething Rattle,Apple Park & Organic Farm Buddies,TM289,22.0,14.3
strawberry-stroller-toy,Strawberry Stroller Toy,Apple Park & Organic Farm Buddies,TMB91,22.5,14.63
sunshine-baby-gift-set,Sunshine Baby Gift Set,Apple Park & Organic Farm Buddies,TMB46 and TMG76,67.0,43.55
swan-rattle,Swan Rattle,Apple Park & Organic Farm Buddies,TP0001,26.0,16.9
sweet-treats-crinkle-blankie-donut,Sweet Treats Crinkle Blankie,Apple Park & Organic Farm Buddies,TMF44,16.5,10.73
sweet-treats-crinkle-blankie-ice-cream,Sweet Treats Crinkle Blankie,Apple Park & Organic Farm Buddies,TMF40,16.5,10.73
sweet-treats-crinkle-blankie-cupcake,Sweet Treats Crinkle Blankie,Apple Park & Organic Farm Buddies,TMF42,16.5,10.73
sweet-treats-crinkle-blankie-pretzel,Sweet Treats Crinkle Blankie,Apple Park & Organic Farm Buddies,TMF41,16.5,10.73
the-apple-park-kids-book-5,The Apple Park Kids - Book 5,Apple Park & Organic Farm Buddies,TP0384,15.0,9.75
the-picnic-pals-book-1,The Picnic Pals - Book 1,Apple Park & Organic Farm Buddies,TM050,15.0,9.75
tie-shoulder-jumpsuit-chambray,Tie Shoulder Jumpsuit - Chambray,Apple Park & Organic Farm Buddies,TP1168,42.0,27.3
tiny-dancing-unicorn-mint-stripe,Tiny Dancing Unicorn,Apple Park & Organic Farm Buddies,TF363,22.0,14.3
tiny-dancing-unicorn-blue,Tiny Dancing Unicorn,Apple Park & Organic Farm Buddies,TF365,22.0,14.3
tiny-dancing-unicorn-pink-stripe,Tiny Dancing Unicorn,Apple Park & Organic Farm Buddies,TF362,22.0,14.3
tiny-dancing-unicorn-purple-stripe,Tiny Dancing Unicorn,Apple Park & Organic Farm Buddies,TF361,22.0,14.3
tiny-dancing-unicorn-white,Tiny Dancing Unicorn,Apple Park & Organic Farm Buddies,TF364,22.0,14.3
waffle-crewneck-sweatshirt-smoke,Waffle Crewneck Sweatshirt - Smoke,Apple Park & Organic Farm Buddies,TP0830,36.0,23.4
waffle-footie-olive-green,Waffle Footie,Apple Park & Organic Farm Buddies,TP0789,38.5,25.03
waffle-footie-smoke,Waffle Footie,Apple Park & Organic Farm Buddies,TP0822,38.5,25.03
waffle-footie-caramel,Waffle Footie,Apple Park & Organic Farm Buddies,TP0229,38.5,25.03
waffle-footie-marine,Waffle Footie,Apple Park & Organic Farm Buddies,TP0252,38.5,25.03
waffle-hoodie-terra-cotta,Waffle Hoodie,Apple Park & Organic Farm Buddies,TP0751,45.0,29.25
waffle-hoodie-olive-green,Waffle Hoodie,Apple Park & Organic Farm Buddies,TP0779,45.0,29.25
waffle-hoodie-smoke,Waffle Hoodie,Apple Park & Organic Farm Buddies,TP0812,45.0,29.25
waffle-joggers-lavender,Waffle Joggers,Apple Park & Organic Farm Buddies,TP0163,32.0,20.8
waffle-joggers-dusty-rose,Waffle Joggers,Apple Park & Organic Farm Buddies,TP0209,32.0,20.8
waffle-joggers-marine,Waffle Joggers,Apple Park & Organic Farm Buddies,TP0255,32.0,20.8
waffle-joggers-caramel,Waffle Joggers,Apple Park & Organic Farm Buddies,TP0232,32.0,20.8
watermelon-stroller-toy,Watermelon Stroller Toy,Apple Park & Organic Farm Buddies,TMB92,22.5,14.63
whale-stroller-toy,Whale Stroller Toy,Apple Park & Organic Farm Buddies,TP1288,28.0,18.2
who-lives-in-the-woods-book-3,Who Lives In The Woods - Book 3,Apple Park & Organic Farm Buddies,TM330,15.0,9.75
woodland-owl-teething-rattle-storybook-gift-bundle,Woodland Owl Teething Rattle & Storybook Gift Bundle,Apple Park & Organic Farm Buddies,TM330 & TM289,34.0,22.1
woodland-pal-plush-porcupine,Woodland Pal Plush - Porcupine,Apple Park & Organic Farm Buddies,TM332,38.0,24.7
woodland-pals-plush-squirrel,Woodland Pals Plush - Squirrel,Apple Park & Organic Farm Buddies,TM333,38.0,24.7
woodland-pals-plush-fawn,Woodland Pals Plush Fawn,Apple Park & Organic Farm Buddies,TM334,38.0,24.7
ziggy-zebra-blankie,Ziggy Zebra - Blankie,Apple Park & Organic Farm Buddies,TF253,20.0,13.0
ziggy-zebra-pacifier-buddy,Ziggy Zebra - Pacifier Buddy,Apple Park & Organic Farm Buddies,TF280,20.0,13.0
ziggy-zebra-plush,Ziggy Zebra - Plush,Apple Park & Organic Farm Buddies,TF247,24.0,15.6
ziggy-zebra-teething-rattle,Ziggy Zebra - Teething Rattle,Apple Park & Organic Farm Buddies,TF250,16.0,10.4
ziggy-zebra-newborn-sensory-bundle,Ziggy Zebra Newborn Sensory Bundle,Apple Park & Organic Farm Buddies,"TM977,TMG69, TF280",78.0,50.7
baby-wipes-birch-item,Baby Wipes,DYPER,WORBRIUE002-24PK-KIT,99.0,84.15
charcoal-enhanced-diaper-monthly-box,Charcoal Enhanced Diaper Monthly Box,DYPER,DACHR1SPE-003-3PK-KIT,139.0,118.15
ewg-verified-99-9-water-wipes-birch-item,EWG Verified 99.9% Water Wipes,DYPER,WNRBR4PE002-3PK-KIT,69.0,58.65
monthly-diaper-box,Monthly Diaper Box,DYPER,DBARBNMBE006-MK,117.0,99.45
training-pants-monthly-box-birch-item,Training Pants Monthly Box,DYPER,BBARB3MBE006-MK,100.0,72.25
adobe-chia-plaid-kids-organic-muslin-summer-dress,Adobe Chia Plaid | Kids' Organic Muslin Summer Dress,L'ovedbaby,KNP428PLDabdchs-2T,50.0,42.5
adobe-chia-plaid-kids-printed-muslin-button-up-s-sleeve,Adobe Chia Plaid | Kids' Printed Muslin Button-Up S/Sleeve,L'ovedbaby,KNP351PLDabdchs-2T,34.0,28.9
alligator-kids-organic-cargo-short,Alligator | Kids' Organic Cargo Short,L'ovedbaby,KORP348ALL-2T,28.0,23.8
blush-boots-organic-smocked-headband,Blush Boots | Organic Smocked Headband,L'ovedbaby,ORP504BLB-0/12M,12.5,10.63
buttercream-tree-organic-smocked-headband,Buttercream Tree | Organic Smocked Headband,L'ovedbaby,ORP504BT-0/12M,12.5,10.63
chia-anchor-organic-muslin-tee-harem-pant-set,Chia Anchor | Organic Muslin Tee & Harem Pant Set,L'ovedbaby,N700ANCHchs-0/3M,58.0,49.3
denim-denim-bubble-overall,Denim | Denim Bubble Overall,L'ovedbaby,D466DNM-6/9M,38.0,32.3
denim-denim-bucket-hat,Denim | Denim Bucket Hat,L'ovedbaby,D200DNM-6/12M,22.0,18.7
denim-denim-sleeveless-overall,Denim | Denim Sleeveless Overall,L'ovedbaby,D494DNM-6/9M,38.0,32.3
denim-denim-smocked-headband,Denim | Denim Smocked Headband,L'ovedbaby,D504DNM-0/12M,12.5,10.63
denim-denim-summer-dress,Denim | Denim Summer Dress,L'ovedbaby,D428DNM-6/9M,46.0,39.1
denim-kids-denim-button-up-s-sleeve,Denim | Kids' Denim Button-Up S/Sleeve,L'ovedbaby,KD351DNM-2T,34.0,28.9
denim-kids-denim-cargo-short,Denim | Kids' Denim Cargo Short,L'ovedbaby,KD348DNM-2T,29.5,25.08
denim-kids-denim-summer-dress,Denim | Kids' Denim Summer Dress,L'ovedbaby,KD428DNM-2T,48.0,40.8
flamingo-organic-smocked-headband,Flamingo | Organic Smocked Headband,L'ovedbaby,ORP504FLA-0/12M,12.5,10.63
frosty-pine-holiday-thermal-blanket,Frosty Pine | Holiday Thermal Blanket,L'ovedbaby,HT111FrPi,34.0,28.9
ghosts-organic-smocked-headband,Ghosts | Organic Smocked Headband,L'ovedbaby,ORP504ght-0/12M,12.5,10.63
frosty-pine-holiday-thermal-long-sleeve-pj-cap-set,Holiday Thermal Long-Sleeve PJ & Cap Set,L'ovedbaby,KHT345FrPi-12/18M,54.0,45.9
santas-sleigh-holiday-thermal-long-sleeve-pj-cap-set,Holiday Thermal Long-Sleeve PJ & Cap Set,L'ovedbaby,KHT345SntSl-12/18M,54.0,45.9
snowy-night-holiday-thermal-long-sleeve-pj-cap-set,Holiday Thermal Long-Sleeve PJ & Cap Set,L'ovedbaby,KHT345SnNi-12/18M,54.0,45.9
santas-sleigh-holiday-thermal-zipper-footie-cap-set,Holiday Thermal Zipper Footie & Cap Set,L'ovedbaby,HT423SntSl-nb,50.0,42.5
frosty-pine-holiday-thermal-zipper-footie-cap-set,Holiday Thermal Zipper Footie & Cap Set,L'ovedbaby,HT423FrPi-nb,50.0,42.5
snowy-night-holiday-thermal-zipper-footie-cap-set,Holiday Thermal Zipper Footie & Cap Set,L'ovedbaby,HT423SnNi-nb,50.0,42.5
jack-o-lanterns-organic-smocked-headband,Jack-o-Lanterns | Organic Smocked Headband,L'ovedbaby,ORP504jol-0/12M,12.5,10.63
moonstone-kids-organic-muslin-sleeveless-romper,Kid's Organic Muslin Sleeveless Romper,L'ovedbaby,KN402mn-2T,40.0,34.0
chia-seed-kids-organic-muslin-sleeveless-romper,Kid's Organic Muslin Sleeveless Romper,L'ovedbaby,KN402chs-2T,40.0,34.0
moonstone-dolphin-kids-organic-muslin-summer-dress,Kid's Organic Muslin Summer Dress,L'ovedbaby,KN428DLPHmn-2T,50.0,42.5
oatmeal-sailboat-kids-organic-muslin-summer-dress,Kid's Organic Muslin Summer Dress,L'ovedbaby,KN428SAILoat-2T,50.0,42.5
chia-anchor-kids-organic-muslin-summer-dress,Kid's Organic Muslin Summer Dress,L'ovedbaby,KN428ANCHchs-2T,50.0,42.5
adobe-seahorse-kids-organic-muslin-summer-dress,Kid's Organic Muslin Summer Dress,L'ovedbaby,KN428SEAHadb-2T,50.0,42.5
black-kids-organic-pj-set,Kid's Organic PJ Set,L'ovedbaby,KOR345blk-12/18M,45.0,38.25
gray-kids-organic-pj-set,Kid's Organic PJ Set,L'ovedbaby,KOR345g-12/18M,45.0,38.25
oatmeal-kids-organic-pj-set,Kid's Organic PJ Set,L'ovedbaby,KOR345oml-12/18M,45.0,38.25
mauve-kids-organic-pj-set,Kid's Organic PJ Set,L'ovedbaby,KOR345m-12/18M,45.0,38.25
light-gray-kids-organic-pj-set,Kid's Organic PJ Set,L'ovedbaby,KOR345lg-12/18M,45.0,38.25
adobe-kids-muslin-button-up-s-sleeve,Kids' Muslin Button-Up S/Sleeve,L'ovedbaby,KN351adb-2T,34.0,28.9
chia-anchor-kids-muslin-button-up-s-sleeve,Kids' Muslin Button-Up S/Sleeve,L'ovedbaby,KN351ANCHchs-2T,34.0,28.9
moonstone-kids-muslin-button-up-s-sleeve,Kids' Muslin Button-Up S/Sleeve,L'ovedbaby,KN351mn-2T,34.0,28.9
oatmeal-sailboat-kids-muslin-button-up-s-sleeve,Kids' Muslin Button-Up S/Sleeve,L'ovedbaby,KN351SAILoat-2T,34.0,28.9
sea-turtle-kids-organic-boxy-tee,Kids' Organic Boxy Tee,L'ovedbaby,KORP350SEA-2T,28.0,23.8
flamingo-kids-organic-boxy-tee,Kids' Organic Boxy Tee,L'ovedbaby,KORP350FLA-2T,28.0,23.8
alligator-kids-organic-boxy-tee,Kids' Organic Boxy Tee,L'ovedbaby,KORP350ALL-2T,28.0,23.8
shark-kids-organic-boxy-tee,Kids' Organic Boxy Tee,L'ovedbaby,KORP350SHK-2T,28.0,23.8
farm-friends-kids-organic-button-up-s-sleeve,Kids' Organic Button-Up S/Sleeve,L'ovedbaby,KORP351FARM-2T,32.0,27.2
highland-cow-kids-organic-button-up-s-sleeve,Kids' Organic Button-Up S/Sleeve,L'ovedbaby,KORP351HGHC-2T,32.0,27.2
bison-kids-organic-button-up-s-sleeve,Kids' Organic Button-Up S/Sleeve,L'ovedbaby,KORP351BIS-2T,32.0,27.2
cherry-fox-kids-organic-cozy-graphic-sweatshirt-jogger-set,Kids' Organic Cozy Graphic Sweatshirt & Jogger Set,L'ovedbaby,KCCP703FOXch-2T,64.0,54.4
latte-bear-kids-organic-cozy-graphic-sweatshirt-jogger-set,Kids' Organic Cozy Graphic Sweatshirt & Jogger Set,L'ovedbaby,KCCP703BERltt-2T,64.0,54.4
moonstone-whale-kids-organic-cozy-graphic-sweatshirt-jogger-set,Kids' Organic Cozy Graphic Sweatshirt & Jogger Set,L'ovedbaby,KCCP703WHLmn-2T,64.0,54.4
bark-moose-kids-organic-cozy-graphic-sweatshirt-jogger-set,Kids' Organic Cozy Graphic Sweatshirt & Jogger Set,L'ovedbaby,KCCP703MOSbk-2T,64.0,54.4
coal-penguin-kids-organic-cozy-graphic-sweatshirt-jogger-set,Kids' Organic Cozy Graphic Sweatshirt & Jogger Set,L'ovedbaby,KCCP703PNGcol-2T,64.0,54.4
flamingo-kids-organic-flare-short,Kids' Organic Flare Short,L'ovedbaby,KORP349FLA-2T,28.0,23.8
sea-turtle-kids-organic-flare-short,Kids' Organic Flare Short,L'ovedbaby,KORP349SEA-2T,28.0,23.8
chia-seed-kids-organic-muslin-ruffle-jumper,Kids' Organic Muslin Ruffle Jumper,L'ovedbaby,KN315chs-2T,40.0,34.0
oatmeal-sailboat-kids-organic-muslin-ruffle-jumper,Kids' Organic Muslin Ruffle Jumper,L'ovedbaby,KN315SAILoat-2T,40.0,34.0
adobe-kids-organic-muslin-ruffle-jumper,Kids' Organic Muslin Ruffle Jumper,L'ovedbaby,KN315adb-2T,40.0,34.0
moonstone-dolphin-kids-organic-muslin-ruffle-jumper,Kids' Organic Muslin Ruffle Jumper,L'ovedbaby,KN315DLPHmn-2T,40.0,34.0
farm-friends-kids-organic-pj-set,Kids' Organic PJ Set,L'ovedbaby,KORP345FARM-2T,45.0,38.25
little-lasso-kids-organic-pj-set,Kids' Organic PJ Set,L'ovedbaby,KORP346LL-2T,42.0,35.7
blush-boots-kids-organic-pj-set,Kids' Organic PJ Set,L'ovedbaby,KORP346BLB-2T,42.0,35.7
howdy-kids-organic-pj-set,Kids' Organic PJ Set,L'ovedbaby,KORP346HWD-2T,42.0,35.7
bison-kids-organic-pj-set,Kids' Organic PJ Set,L'ovedbaby,KORP345BIS-2T,45.0,38.25
llama-kids-organic-pj-set,Kids' Organic PJ Set,L'ovedbaby,KORP345LMA-2T,45.0,38.25
highland-cow-kids-organic-pj-set,Kids' Organic PJ Set,L'ovedbaby,KORP345HGHC-2T,45.0,38.25
mom-heart-kids-organic-pj-set,Kids' Organic PJ Set,L'ovedbaby,KORP345MOM-12/18M,45.0,38.25
ghosts-kids-organic-pj-set,Kids' Organic PJ Set,L'ovedbaby,KORP345ght-12/18M,45.0,38.25
jack-o-lanterns-kids-organic-pj-set,Kids' Organic PJ Set,L'ovedbaby,KORP345jol-12/18M,45.0,38.25
buttercream-tree-kids-organic-pj-set,Kids' Organic PJ Set,L'ovedbaby,KORP345BT-2T,45.0,38.25
oatmeal-pinecone-kids-organic-pj-set,Kids' Organic PJ Set,L'ovedbaby,KORP345PCoat-2T,45.0,38.25
latte-mountain-kids-organic-pj-set,Kids' Organic PJ Set,L'ovedbaby,KORP345MTNltt-2T,45.0,38.25
owl-hoo-kids-organic-pj-set,Kids' Organic PJ Set,L'ovedbaby,KORP345dsrtOwl-2T,45.0,38.25
tiny-tortoise-kids-organic-pj-set,Kids' Organic PJ Set,L'ovedbaby,KORP345dsrtTtse-2T,45.0,38.25
little-fox-kids-organic-pj-set,Kids' Organic PJ Set,L'ovedbaby,KORP345dsrtFox-2T,45.0,38.25
alligator-kids-organic-s-sleeve-pj-set,Kids' Organic S/Sleeve PJ Set,L'ovedbaby,KORP347ALL-2T,42.0,35.7
shark-kids-organic-s-sleeve-pj-set,Kids' Organic S/Sleeve PJ Set,L'ovedbaby,KORP347SHK-2T,42.0,35.7
flamingo-kids-organic-s-sleeve-pj-set,Kids' Organic S/Sleeve PJ Set,L'ovedbaby,KORP347FLA-2T,42.0,35.7
sea-turtle-kids-organic-s-sleeve-pj-set,Kids' Organic S/Sleeve PJ Set,L'ovedbaby,KORP347SEA-2T,42.0,35.7
latte-mountain-organic-smocked-headband,Latte Mountain | Organic Smocked Headband,L'ovedbaby,ORP504MTNltt-0/12M,12.5,10.63
little-lasso-organic-smocked-headband,Little Lasso | Organic Smocked Headband,L'ovedbaby,ORP504LL-0/12M,12.5,10.63
blush-boots-lovey-with-removable-teething-ring,Lovey with Removable Teething Ring,L'ovedbaby,ORP902BLB,24.0,20.4
little-lasso-lovey-with-removable-teething-ring,Lovey with Removable Teething Ring,L'ovedbaby,ORP902LL,24.0,20.4
oatmeal-pinecone-lovey-with-removable-teething-ring,Lovey with Removable Teething Ring,L'ovedbaby,ORP902PCoat,24.0,20.4
latte-mountain-lovey-with-removable-teething-ring,Lovey with Removable Teething Ring,L'ovedbaby,ORP902MTNltt,24.0,20.4
mom-heart-organic-smocked-headband,Mom Heart | Organic Smocked Headband,L'ovedbaby,ORP504MOM-0/12M,12.5,10.63
mommy-me-bundle-in-light-gray,Mommy & Me Bundle,L'ovedbaby,ORW735LG-0892D21F,120.0,102.0
mommy-me-bundle-in-oatmeal,Mommy & Me Bundle,L'ovedbaby,ORW735OML-XS-S-A830E4A9,110.0,93.5
mommy-me-bundle-in-mauve,Mommy & Me Bundle,L'ovedbaby,ORW735M-XS-S-C305581E,110.0,93.5
mommy-me-bundle-in-gray,Mommy & Me Bundle,L'ovedbaby,ORW735G-XS-S-48AC283B,110.0,93.5
mommy-me-bundle-in-black,Mommy & Me Bundle,L'ovedbaby,ORW735M-XS-S-A1516EC7,110.0,93.5
oatmeal-pinecone-organic-smocked-headband,Oatmeal Pinecone | Organic Smocked Headband,L'ovedbaby,ORP504PCoat-0/12M,12.5,10.63
oatmeal-kids-organic-sleeveless-western-dress,Oatmeal | Kids' Organic Sleeveless Western Dress,L'ovedbaby,KTW429oml-2T,48.0,40.8
oatmeal-kids-organic-western-romper,Oatmeal | Kids' Organic Western Romper,L'ovedbaby,KTW642oml-2T,40.0,34.0
oatmeal-kids-western-button-up-shirt,Oatmeal | Kids' Western Button-Up Shirt,L'ovedbaby,KTW343oml-2T,34.0,28.9
oatmeal-organic-sleeveless-western-dress,Oatmeal | Organic Sleeveless Western Dress,L'ovedbaby,TW429oml-6/9M,46.0,39.1
oatmeal-organic-twill-smocked-headband,Oatmeal | Organic Twill Smocked Headband,L'ovedbaby,TW504oml-0/12M,12.5,10.63
oatmeal-organic-western-romper,Oatmeal | Organic Western Romper,L'ovedbaby,TW642oml-0/3M,36.0,30.6
oatmeal-pinecone-organic-2-layer-reversible-bib,Organic 2-Layer Reversible Bib,L'ovedbaby,ORP561PCoat,18.0,15.3
latte-mountain-organic-2-layer-reversible-bib,Organic 2-Layer Reversible Bib,L'ovedbaby,ORP561MTNltt,18.0,15.3
buttercream-tree-organic-2-layer-reversible-bib,Organic 2-Layer Reversible Bib,L'ovedbaby,ORP561BT,18.0,15.3
gentle-herd-organic-bandana-bib-3-pack,Organic Bandana Bib 3-Pack,L'ovedbaby,ORP756TGH,30.0,25.5
pine-peak-organic-bandana-bib-3-pack,Organic Bandana Bib 3-Pack,L'ovedbaby,ORP756pipk,30.0,25.5
flamingo-organic-bandana-bib-2-pack,"Organic Bandana Bib, 2-Pack",L'ovedbaby,ORP757FLA,20.0,17.0
alligator-organic-bandana-bib-2-pack,"Organic Bandana Bib, 2-Pack",L'ovedbaby,ORP757ALL,20.0,17.0
little-lasso-organic-bandana-bib-2-pack,"Organic Bandana Bib, 2-Pack",L'ovedbaby,ORP757LL,20.0,17.0
blush-boots-organic-bandana-bib-2-pack,"Organic Bandana Bib, 2-Pack",L'ovedbaby,ORP757BLB,20.0,17.0
sea-turtle-organic-blanket,Organic Blanket,L'ovedbaby,ORP111SEA,32.0,27.2
flamingo-organic-blanket,Organic Blanket,L'ovedbaby,ORP111FLA,32.0,27.2
alligator-organic-blanket,Organic Blanket,L'ovedbaby,ORP111ALL,32.0,27.2
shark-organic-blanket,Organic Blanket,L'ovedbaby,ORP111SHK,32.0,27.2
farm-friends-organic-blanket,Organic Blanket,L'ovedbaby,ORP111FARM,32.0,27.2
highland-cow-organic-blanket,Organic Blanket,L'ovedbaby,ORP111HGHC,32.0,27.2
little-lasso-organic-blanket,Organic Blanket,L'ovedbaby,ORP111LL,32.0,27.2
howdy-organic-blanket,Organic Blanket,L'ovedbaby,ORP111HWD,32.0,27.2
blush-boots-organic-blanket,Organic Blanket,L'ovedbaby,ORP111BLB,32.0,27.2
coral-stripe-organic-blanket,Organic Blanket,L'ovedbaby,OR111sco,30.0,25.5
llama-organic-blanket,Organic Blanket,L'ovedbaby,ORP111LMA,32.0,27.2
bark-stripe-organic-blanket,Organic Blanket,L'ovedbaby,OR111sbk,30.0,25.5
eggplant-stripe-organic-blanket,Organic Blanket,L'ovedbaby,OR111seg,30.0,25.5
slate-stripe-organic-blanket,Organic Blanket,L'ovedbaby,OR111ssl,30.0,25.5
coral-light-gray-stripe-organic-blanket,Organic Blanket,L'ovedbaby,OR111SCOLG,30.0,25.5
mauve-gray-stripe-organic-blanket,Organic Blanket,L'ovedbaby,OR111SMG,30.0,25.5
navy-light-gray-stripe-organic-blanket,Organic Blanket,L'ovedbaby,OR111SNLG,30.0,25.5
lavender-eggplant-organic-blanket,Organic Blanket,L'ovedbaby,OR111SLE,30.0,25.5
eggplant-stone-stripe-organic-blanket,Organic Blanket,L'ovedbaby,OR111SEST,30.0,25.5
gray-seafoam-stripe-organic-blanket,Organic Blanket,L'ovedbaby,OR111SGSF,32.0,20.4
oatmeal-pinecone-organic-blanket,Organic Blanket,L'ovedbaby,ORP111PCoat,30.0,25.5
buttercream-tree-organic-blanket,Organic Blanket,L'ovedbaby,ORP111BT,32.0,27.2
latte-mountain-organic-blanket,Organic Blanket,L'ovedbaby,ORP111MTNltt,32.0,27.2
little-fox-organic-blanket,Organic Blanket,L'ovedbaby,ORP111dsrtFox,32.0,27.2
tiny-tortoise-organic-blanket,Organic Blanket,L'ovedbaby,ORP111dsrtTtse,32.0,27.2
owl-hoo-organic-blanket,Organic Blanket,L'ovedbaby,ORP111dsrtOwl,32.0,13.6
oatmeal-organic-blanket,Organic Blanket,L'ovedbaby,OR111oml,30.0,25.5
blush-organic-blanket,Organic Blanket,L'ovedbaby,OR111bl,30.0,25.5
moonbeam-organic-blanket,Organic Blanket,L'ovedbaby,OR111mb,30.0,25.5
stone-organic-blanket,Organic Blanket,L'ovedbaby,OR111st,30.0,25.5
slate-organic-blanket,Organic Blanket,L'ovedbaby,OR111sl,30.0,25.5
sage-organic-blanket,Organic Blanket,L'ovedbaby,OR111s,30.0,25.5
seafoam-organic-blanket,Organic Blanket,L'ovedbaby,OR111sf,30.0,25.5
white-organic-blanket,Organic Blanket,L'ovedbaby,OR111w,30.0,25.5
black-organic-blanket,Organic Blanket,L'ovedbaby,OR111blk,30.0,25.5
buttercream-organic-blanket,Organic Blanket,L'ovedbaby,OR111b,30.0,25.5
lavender-organic-blanket,Organic Blanket,L'ovedbaby,OR111L,30.0,25.5
eggplant-organic-blanket,Organic Blanket,L'ovedbaby,OR111e,30.0,25.5
coral-organic-blanket,Organic Blanket,L'ovedbaby,OR111co,30.0,25.5
light-gray-organic-blanket,Organic Blanket,L'ovedbaby,OR111lg,30.0,25.5
navy-organic-blanket,Organic Blanket,L'ovedbaby,OR111n,30.0,25.5
gray-organic-blanket,Organic Blanket,L'ovedbaby,OR111g,30.0,25.5
mauve-organic-blanket,Organic Blanket,L'ovedbaby,OR111m,30.0,25.5
blush-boots-organic-bowtie-shoulder-bodysuit,Organic Bowtie Shoulder Bodysuit,L'ovedbaby,ORP318BLB-0/3M,34.0,28.9
howdy-organic-bowtie-shoulder-bodysuit,Organic Bowtie Shoulder Bodysuit,L'ovedbaby,ORP318HWD-0/3M,34.0,28.9
flamingo-organic-boxy-tee,Organic Boxy Tee,L'ovedbaby,ORP350FLA-0/3M,26.0,22.1
alligator-organic-boxy-tee,Organic Boxy Tee,L'ovedbaby,ORP350ALL-0/3M,26.0,22.1
shark-organic-boxy-tee,Organic Boxy Tee,L'ovedbaby,ORP350SHK-0/3M,26.0,22.1
sea-turtle-organic-boxy-tee,Organic Boxy Tee,L'ovedbaby,ORP350SEA-0/3M,26.0,22.1
blush-boots-organic-bubble-romper,Organic Bubble Romper,L'ovedbaby,ORP419BLB-0/3M,36.0,30.6
howdy-organic-bubble-romper,Organic Bubble Romper,L'ovedbaby,ORP419HWD-0/3M,36.0,30.6
alligator-organic-bucket-hat,Organic Bucket Hat,L'ovedbaby,ORP200ALL-6/12M,20.0,17.0
flamingo-organic-bucket-hat,Organic Bucket Hat,L'ovedbaby,ORP200FLA-6/12M,20.0,17.0
sea-turtle-organic-bucket-hat,Organic Bucket Hat,L'ovedbaby,ORP200SEA-6/12M,20.0,17.0
shark-organic-bucket-hat,Organic Bucket Hat,L'ovedbaby,ORP200SHK-6/12M,20.0,17.0
alligator-organic-cargo-short,Organic Cargo Short,L'ovedbaby,ORP348ALL-0/3M,26.0,22.1
shark-organic-cargo-short,Organic Cargo Short,L'ovedbaby,ORP348SHK-0/3M,26.0,22.1
coal-penguin-organic-cozy-blanket,Organic Cozy Blanket,L'ovedbaby,CCP111PNGcol,34.0,28.9
cherry-fox-organic-cozy-blanket,Organic Cozy Blanket,L'ovedbaby,CCP111FOXch,34.0,28.9
bark-moose-organic-cozy-blanket,Organic Cozy Blanket,L'ovedbaby,CCP111MOSbk,34.0,17.34
latte-bear-organic-cozy-blanket,Organic Cozy Blanket,L'ovedbaby,CCP111BERltt,34.0,17.34
moonstone-whale-organic-cozy-blanket,Organic Cozy Blanket,L'ovedbaby,CCP111WHLmn,34.0,17.34
coal-penguin-organic-cozy-graphic-sweatshirt-jogger-set,Organic Cozy Graphic Sweatshirt & Jogger Set,L'ovedbaby,CCP703PNGcol-0/3M,60.0,51.0
latte-bear-organic-cozy-graphic-sweatshirt-jogger-set,Organic Cozy Graphic Sweatshirt & Jogger Set,L'ovedbaby,CCP703BERltt-0/3M,60.0,51.0
bark-moose-organic-cozy-graphic-sweatshirt-jogger-set,Organic Cozy Graphic Sweatshirt & Jogger Set,L'ovedbaby,CCP703MOSbk-0/3M,60.0,51.0
cherry-fox-organic-cozy-graphic-sweatshirt-jogger-set,Organic Cozy Graphic Sweatshirt & Jogger Set,L'ovedbaby,CCP703FOXch-0/3M,60.0,51.0
moonstone-whale-organic-cozy-graphic-sweatshirt-jogger-set,Organic Cozy Graphic Sweatshirt & Jogger Set,L'ovedbaby,CCP703WHLmn-0/3M,60.0,51.0
coal-penguin-organic-cozy-knotted-hat,Organic Cozy Knotted Hat,L'ovedbaby,CCP384PNGcol-nb,14.0,11.9
moonstone-whale-organic-cozy-knotted-hat,Organic Cozy Knotted Hat,L'ovedbaby,CCP384WHLmn-nb,14.0,11.9
cherry-fox-organic-cozy-knotted-hat,Organic Cozy Knotted Hat,L'ovedbaby,CCP384FOXch-nb,14.0,11.9
bark-moose-organic-cozy-knotted-hat,Organic Cozy Knotted Hat,L'ovedbaby,CCP384MOSbk-nb,14.0,11.9
latte-bear-organic-cozy-knotted-hat,Organic Cozy Knotted Hat,L'ovedbaby,CCP384BERltt-nb,14.0,11.9
moonstone-whale-organic-cozy-zipper-footie,Organic Cozy Zipper Footie,L'ovedbaby,CCP424WHLmn-nb,38.0,19.38
latte-bear-organic-cozy-zipper-footie,Organic Cozy Zipper Footie,L'ovedbaby,CCP424BERltt-nb,38.0,32.3
coal-penguin-organic-cozy-zipper-footie,Organic Cozy Zipper Footie,L'ovedbaby,CCP424PNGcol-nb,38.0,32.3
bark-moose-organic-cozy-zipper-footie,Organic Cozy Zipper Footie,L'ovedbaby,CCP424MOSbk-nb,38.0,32.3
cherry-fox-organic-cozy-zipper-footie,Organic Cozy Zipper Footie,L'ovedbaby,CCP424FOXch-nb,38.0,32.3
moonstone-organic-cozy-zipper-romper,Organic Cozy Zipper Romper,L'ovedbaby,CC372mn-6/9M,38.0,32.3
latte-organic-cozy-zipper-romper,Organic Cozy Zipper Romper,L'ovedbaby,CC372ltt-6/9M,38.0,32.3
cherry-organic-cozy-zipper-romper,Organic Cozy Zipper Romper,L'ovedbaby,CC372ch-6/9M,38.0,32.3
bark-organic-cozy-zipper-romper,Organic Cozy Zipper Romper,L'ovedbaby,CC372bk-6/9M,38.0,32.3
coal-organic-cozy-zipper-romper,Organic Cozy Zipper Romper,L'ovedbaby,CC372col-6/9M,38.0,32.3
farm-friends-organic-crib-sheets,Organic Crib Sheets,L'ovedbaby,ORP114FARM,45.0,38.25
buttercream-tree-organic-crib-sheets,Organic Crib Sheets,L'ovedbaby,ORP114BT,45.0,38.25
oatmeal-pinecone-organic-crib-sheets,Organic Crib Sheets,L'ovedbaby,ORP114PCoat,45.0,15.3
latte-mountain-organic-crib-sheets,Organic Crib Sheets,L'ovedbaby,ORP114MTNltt,45.0,38.25
tiny-tortoise-organic-crib-sheets,Organic Crib Sheets,L'ovedbaby,ORP114dsrtTtse,45.0,38.25
owl-hoo-organic-crib-sheets,Organic Crib Sheets,L'ovedbaby,ORP114dsrtOwl,45.0,38.25
owl-hoo-graphic-organic-crib-sheets,Organic Crib Sheets,L'ovedbaby,ORP114GRPHdsrtOwl,45.0,38.25
little-fox-organic-crib-sheets,Organic Crib Sheets,L'ovedbaby,ORP114dsrtFox,45.0,38.25
tiny-tortoise-graphic-organic-crib-sheets,Organic Crib Sheets,L'ovedbaby,ORP114GRPHdsrtTtse,45.0,38.25
little-fox-graphic-organic-crib-sheets,Organic Crib Sheets,L'ovedbaby,ORP114GRPHdsrtFox,45.0,38.25
oatmeal-feather-organic-crib-sheets,Organic Crib Sheets,L'ovedbaby,ORP114FTHoml,45.0,38.25
mauve-rainbow-organic-crib-sheets,Organic Crib Sheets,L'ovedbaby,ORP114RNBWm,45.0,38.25
buttercream-organic-criss-cross-bodysuit,Organic Criss-Cross Bodysuit,L'ovedbaby,OR322b-0/3M,25.0,21.25
white-organic-criss-cross-bodysuit,Organic Criss-Cross Bodysuit,L'ovedbaby,OR322w-0/3M,25.0,21.25
adobe-chia-plaid-organic-cuffed-muslin-overall,Organic Cuffed Muslin Overall,L'ovedbaby,NP497PLDabdchs-6/9M,38.0,32.3
moonstone-organic-cuffed-muslin-overall,Organic Cuffed Muslin Overall,L'ovedbaby,N497mn-6/9M,38.0,32.3
chia-seed-organic-cuffed-muslin-overall,Organic Cuffed Muslin Overall,L'ovedbaby,N497chs-6/9M,36.0,30.6
flamingo-organic-flare-short,Organic Flare Short,L'ovedbaby,ORP349FLA-0/3M,26.0,22.1
sea-turtle-organic-flare-short,Organic Flare Short,L'ovedbaby,ORP349SEA-0/3M,26.0,22.1
bark-stripe-organic-gown,Organic Gown,L'ovedbaby,OR442sbk-nb,32.0,27.2
seafoam-organic-gown,Organic Gown,L'ovedbaby,OR442sf-nb,32.0,27.2
gray-beige-organic-gown,Organic Gown,L'ovedbaby,OR442SGB-nb,32.0,27.2
gray-stripe-organic-gown,Organic Gown,L'ovedbaby,OR442sgr-nb,32.0,27.2
mauve-organic-gown,Organic Gown,L'ovedbaby,OR442m-nb,32.0,27.2
eggplant-organic-gown,Organic Gown,L'ovedbaby,OR442e-nb,32.0,27.2
seafoam-stripe-organic-gown,Organic Gown,L'ovedbaby,OR442ssf-nb,32.0,27.2
white-organic-gown,Organic Gown,L'ovedbaby,OR442w-nb,32.0,27.2
navy-white-organic-gown,Organic Gown,L'ovedbaby,OR442SNW-nb,32.0,27.2
black-organic-gown,Organic Gown,L'ovedbaby,OR442blk-nb,32.0,27.2
lavender-eggplant-organic-gown,Organic Gown,L'ovedbaby,OR442SLE-nb,32.0,27.2
eggplant-stripe-organic-gown,Organic Gown,L'ovedbaby,OR442seg-nb,32.0,27.2
navy-organic-gown,Organic Gown,L'ovedbaby,OR442n-nb,32.0,27.2
slate-organic-gown,Organic Gown,L'ovedbaby,OR442sl-nb,32.0,27.2
buttercream-tree-organic-henley-sweatshirt-jogger-set,Organic Henley Sweatshirt & Jogger Set,L'ovedbaby,ORP724BT-0/3M,56.0,47.6
oatmeal-pinecone-organic-henley-sweatshirt-jogger-set,Organic Henley Sweatshirt & Jogger Set,L'ovedbaby,ORP724PCoat-0/3M,56.0,47.6
latte-mountain-organic-henley-sweatshirt-jogger-set,Organic Henley Sweatshirt & Jogger Set,L'ovedbaby,ORP724MTNltt-0/3M,56.0,47.6
oatmeal-organic-kimono-bodysuit,Organic Kimono Bodysuit,L'ovedbaby,OR339oml-nb,25.0,21.25
moonbeam-organic-kimono-bodysuit,Organic Kimono Bodysuit,L'ovedbaby,OR339mb-nb,25.0,21.25
eggplant-stone-stripe-organic-kimono-bodysuit,Organic Kimono Bodysuit,L'ovedbaby,OR339SEST-nb,25.0,21.25
coral-light-gray-stripe-organic-kimono-bodysuit,Organic Kimono Bodysuit,L'ovedbaby,OR339SCOLG-nb,25.0,21.25
navy-light-gray-stripe-organic-kimono-bodysuit,Organic Kimono Bodysuit,L'ovedbaby,OR339SNLG-nb,25.0,21.25
gray-seafoam-stripe-organic-kimono-bodysuit,Organic Kimono Bodysuit,L'ovedbaby,OR339SGSF-nb,25.0,21.25
mauve-gray-stripe-organic-kimono-bodysuit,Organic Kimono Bodysuit,L'ovedbaby,OR339SMG-nb,25.0,21.25
slate-beige-stripe-organic-kimono-bodysuit,Organic Kimono Bodysuit,L'ovedbaby,OR339SSLB-nb,25.0,21.25
coral-organic-kimono-bodysuit,Organic Kimono Bodysuit,L'ovedbaby,OR339co-nb,25.0,21.25
white-organic-kimono-bodysuit,Organic Kimono Bodysuit,L'ovedbaby,OR339w-nb,25.0,21.25
black-organic-kimono-bodysuit,Organic Kimono Bodysuit,L'ovedbaby,OR339blk-nb,25.0,21.25
blush-organic-kimono-bodysuit,Organic Kimono Bodysuit,L'ovedbaby,OR339bl-nb,25.0,21.25
gray-organic-kimono-bodysuit,Organic Kimono Bodysuit,L'ovedbaby,OR339g-nb,25.0,21.25
seafoam-organic-kimono-bodysuit,Organic Kimono Bodysuit,L'ovedbaby,OR339sf-nb,25.0,21.25
mauve-organic-kimono-bodysuit,Organic Kimono Bodysuit,L'ovedbaby,OR339m-nb,25.0,21.25
sage-organic-kimono-bodysuit,Organic Kimono Bodysuit,L'ovedbaby,OR339s-nb,25.0,21.25
buttercream-organic-kimono-bodysuit,Organic Kimono Bodysuit,L'ovedbaby,OR339b-nb,25.0,21.25
lavender-organic-kimono-bodysuit,Organic Kimono Bodysuit,L'ovedbaby,OR339L-nb,25.0,21.25
eggplant-organic-kimono-bodysuit,Organic Kimono Bodysuit,L'ovedbaby,OR339e-nb,25.0,21.25
slate-organic-kimono-bodysuit,Organic Kimono Bodysuit,L'ovedbaby,OR339sl-nb,25.0,21.25
stone-organic-kimono-bodysuit,Organic Kimono Bodysuit,L'ovedbaby,OR339st-nb,25.0,21.25
light-gray-organic-kimono-bodysuit,Organic Kimono Bodysuit,L'ovedbaby,OR339lg-nb,25.0,21.25
navy-organic-kimono-bodysuit,Organic Kimono Bodysuit,L'ovedbaby,OR339n-nb,25.0,21.25
sea-turtle-organic-knotted-hat,Organic Knotted Hat,L'ovedbaby,ORP384SEA-nb,12.5,10.63
flamingo-organic-knotted-hat,Organic Knotted Hat,L'ovedbaby,ORP384FLA-nb,12.5,10.63
alligator-organic-knotted-hat,Organic Knotted Hat,L'ovedbaby,ORP384ALL-nb,12.5,10.63
shark-organic-knotted-hat,Organic Knotted Hat,L'ovedbaby,ORP384SHK-nb,12.5,10.63
blush-boots-organic-knotted-hat,Organic Knotted Hat,L'ovedbaby,ORP384BLB-nb,12.5,10.63
howdy-organic-knotted-hat,Organic Knotted Hat,L'ovedbaby,ORP384HWD-nb,12.5,10.63
little-lasso-organic-knotted-hat,Organic Knotted Hat,L'ovedbaby,ORP384LL-nb,12.5,10.63
farm-friends-organic-knotted-hat,Organic Knotted Hat,L'ovedbaby,ORP384FARM-nb,12.5,10.63
bison-organic-knotted-hat,Organic Knotted Hat,L'ovedbaby,ORP384BIS-nb,12.5,10.63
llama-organic-knotted-hat,Organic Knotted Hat,L'ovedbaby,ORP384LMA-nb,12.5,10.63
highland-cow-organic-knotted-hat,Organic Knotted Hat,L'ovedbaby,ORP384HGHC-nb,12.5,10.63
mom-heart-organic-knotted-hat,Organic Knotted Hat,L'ovedbaby,ORP384MOM-nb,12.5,10.63
buttercream-tree-organic-knotted-hat,Organic Knotted Hat,L'ovedbaby,ORP384BT-nb,12.5,10.63
jack-o-lanterns-organic-knotted-hat,Organic Knotted Hat,L'ovedbaby,ORP384jol-nb,12.5,10.63
oatmeal-pinecone-organic-knotted-hat,Organic Knotted Hat,L'ovedbaby,ORP384PCoat-nb,12.5,10.63
ghosts-organic-knotted-hat,Organic Knotted Hat,L'ovedbaby,ORP384ght-nb,12.5,10.63
latte-mountain-organic-knotted-hat,Organic Knotted Hat,L'ovedbaby,ORP384MTNltt-nb,12.5,10.63
little-fox-organic-knotted-hat,Organic Knotted Hat,L'ovedbaby,ORP384dsrtFox-nb,12.5,10.63
owl-hoo-organic-knotted-hat,Organic Knotted Hat,L'ovedbaby,ORP384dsrtOwl-nb,12.5,10.63
tiny-tortoise-organic-knotted-hat,Organic Knotted Hat,L'ovedbaby,ORP384dsrtTtse-nb,12.5,10.63
plum-organic-knotted-hat,Organic Knotted Hat,L'ovedbaby,OR384plm-nb,12.0,10.2
light-gray-organic-knotted-hat,Organic Knotted Hat,L'ovedbaby,OR384lg-nb,12.0,10.2
lavender-organic-knotted-hat,Organic Knotted Hat,L'ovedbaby,OR384L-nb,12.0,10.2
slate-organic-knotted-hat,Organic Knotted Hat,L'ovedbaby,OR384sl-nb,12.0,10.2
navy-organic-knotted-hat,Organic Knotted Hat,L'ovedbaby,OR384n-nb,12.0,10.2
moonbeam-organic-knotted-hat,Organic Knotted Hat,L'ovedbaby,OR384mb-nb,12.0,10.2
gray-organic-knotted-hat,Organic Knotted Hat,L'ovedbaby,OR384g-nb,12.0,10.2
oatmeal-organic-knotted-hat,Organic Knotted Hat,L'ovedbaby,OR384oml-nb,12.0,10.2
buttercream-organic-knotted-hat,Organic Knotted Hat,L'ovedbaby,OR384b-nb,12.0,10.2
blush-organic-knotted-hat,Organic Knotted Hat,L'ovedbaby,OR384bl-nb,12.0,10.2
white-organic-knotted-hat,Organic Knotted Hat,L'ovedbaby,OR384w-nb,12.0,10.2
black-organic-knotted-hat,Organic Knotted Hat,L'ovedbaby,OR384blk-nb,12.0,10.2
stone-organic-knotted-hat,Organic Knotted Hat,L'ovedbaby,OR384st-nb,12.0,10.2
mauve-organic-knotted-hat,Organic Knotted Hat,L'ovedbaby,OR384m-nb,12.0,10.2
sage-organic-knotted-hat,Organic Knotted Hat,L'ovedbaby,OR384s-nb,12.0,10.2
seafoam-organic-knotted-hat,Organic Knotted Hat,L'ovedbaby,OR384sf-nb,12.0,10.2
seafoam-organic-l-sleeve-shirt,Organic L/Sleeve Shirt,L'ovedbaby,OR301sf-0/3M,25.0,21.25
gray-organic-l-sleeve-shirt,Organic L/Sleeve Shirt,L'ovedbaby,OR301g-0/3M,25.0,21.25
slate-organic-l-sleeve-shirt,Organic L/Sleeve Shirt,L'ovedbaby,OR301sl-0/3M,25.0,21.25
bark-organic-l-sleeve-shirt,Organic L/Sleeve Shirt,L'ovedbaby,OR301bk-0/3M,25.0,21.25
buttercream-organic-l-sleeve-shirt,Organic L/Sleeve Shirt,L'ovedbaby,OR301b-0/3M,25.0,21.25
blush-organic-l-sleeve-shirt,Organic L/Sleeve Shirt,L'ovedbaby,OR301bl-0/3M,25.0,21.25
lavender-organic-l-sleeve-shirt,Organic L/Sleeve Shirt,L'ovedbaby,OR301L-0/3M,25.0,21.25
coral-organic-l-sleeve-shirt,Organic L/Sleeve Shirt,L'ovedbaby,OR301co-0/3M,25.0,21.25
light-gray-organic-l-sleeve-shirt,Organic L/Sleeve Shirt,L'ovedbaby,OR301lg-0/3M,25.0,21.25
stone-organic-l-sleeve-shirt,Organic L/Sleeve Shirt,L'ovedbaby,OR301st-0/3M,25.0,21.25
eggplant-organic-l-sleeve-shirt,Organic L/Sleeve Shirt,L'ovedbaby,OR301e-0/3M,25.0,21.25
white-organic-l-sleeve-shirt,Organic L/Sleeve Shirt,L'ovedbaby,OR301w-0/3M,25.0,21.25
navy-organic-l-sleeve-shirt,Organic L/Sleeve Shirt,L'ovedbaby,OR301n-0/3M,25.0,21.25
sage-organic-l-sleeve-shirt,Organic L/Sleeve Shirt,L'ovedbaby,OR301s-0/3M,25.0,21.25
mauve-organic-l-sleeve-shirt,Organic L/Sleeve Shirt,L'ovedbaby,OR301m-0/3M,25.0,21.25
oatmeal-organic-muslin-ruffle-bloomer,Organic Muslin Ruffle Bloomer,L'ovedbaby,N542oml-0/3M,26.0,22.1
adobe-organic-muslin-ruffle-bloomer,Organic Muslin Ruffle Bloomer,L'ovedbaby,N542adb-0/3M,26.0,22.1
moonstone-organic-muslin-ruffle-bloomer,Organic Muslin Ruffle Bloomer,L'ovedbaby,N542mn-0/3M,26.0,22.1
adobe-chia-plaid-organic-muslin-ruffle-bloomer,Organic Muslin Ruffle Bloomer,L'ovedbaby,NP542PLDabdchs-0/3M,26.0,22.1
chia-seed-organic-muslin-ruffle-bloomer,Organic Muslin Ruffle Bloomer,L'ovedbaby,N542chs-0/3M,26.0,22.1
oatmeal-sailboat-organic-muslin-ruffle-bodysuit,Organic Muslin Ruffle Bodysuit,L'ovedbaby,N309SAILoat-0/3M,34.0,28.9
adobe-organic-muslin-ruffle-bodysuit,Organic Muslin Ruffle Bodysuit,L'ovedbaby,N309adb-0/3M,34.0,28.9
moonstone-dolphin-organic-muslin-ruffle-bodysuit,Organic Muslin Ruffle Bodysuit,L'ovedbaby,N309DLPHmn-0/3M,34.0,28.9
chia-seed-organic-muslin-ruffle-bodysuit,Organic Muslin Ruffle Bodysuit,L'ovedbaby,N309chs-0/3M,34.0,28.9
moonstone-organic-muslin-s-sleeve-coverall,Organic Muslin S/Sleeve Coverall,L'ovedbaby,N461mn-0/3M,38.0,32.3
adobe-organic-muslin-s-sleeve-coverall,Organic Muslin S/Sleeve Coverall,L'ovedbaby,N461adb-0/3M,38.0,32.3
adobe-chia-plaid-organic-muslin-s-sleeve-coverall,Organic Muslin S/Sleeve Coverall,L'ovedbaby,NP461PLDabdchs-0/3M,38.0,32.3
chia-anchor-organic-muslin-s-sleeve-coverall,Organic Muslin S/Sleeve Coverall,L'ovedbaby,N461ANCHchs-0/3M,38.0,32.3
oatmeal-sailboat-organic-muslin-s-sleeve-coverall,Organic Muslin S/Sleeve Coverall,L'ovedbaby,N461SAILoat-0/3M,38.0,32.3
chia-anchor-organic-muslin-sleeveless-bodysuit,Organic Muslin Sleeveless Bodysuit,L'ovedbaby,N412ANCHchs-0/3M,32.0,27.2
adobe-seahorse-organic-muslin-sleeveless-bodysuit,Organic Muslin Sleeveless Bodysuit,L'ovedbaby,N412SEAHadb-0/3M,32.0,27.2
moonstone-dolphin-organic-muslin-sleeveless-bodysuit,Organic Muslin Sleeveless Bodysuit,L'ovedbaby,N412DLPHmn-0/3M,32.0,27.2
oatmeal-sailboat-organic-muslin-sleeveless-bodysuit,Organic Muslin Sleeveless Bodysuit,L'ovedbaby,N412SAILoat-0/3M,32.0,27.2
moonstone-organic-muslin-sleeveless-romper,Organic Muslin Sleeveless Romper,L'ovedbaby,N402mn-0/3M,36.0,30.6
chia-seed-organic-muslin-sleeveless-romper,Organic Muslin Sleeveless Romper,L'ovedbaby,N402chs-0/3M,36.0,30.6
adobe-chia-plaid-organic-muslin-smocked-headband,Organic Muslin Smocked Headband,L'ovedbaby,NP504PLDabdchs-0/12M,12.5,10.63
moonstone-organic-muslin-smocked-headband,Organic Muslin Smocked Headband,L'ovedbaby,N504mn-0/12M,12.5,10.63
oatmeal-organic-muslin-smocked-headband,Organic Muslin Smocked Headband,L'ovedbaby,N504oml-0/12M,12.5,10.63
adobe-organic-muslin-smocked-headband,Organic Muslin Smocked Headband,L'ovedbaby,N504adb-0/12M,12.5,10.63
chia-seed-organic-muslin-smocked-headband,Organic Muslin Smocked Headband,L'ovedbaby,N504chs-0/12M,12.5,10.63
moonstone-dolphin-organic-muslin-summer-dress,Organic Muslin Summer Dress,L'ovedbaby,N428DLPHmn-6/9M,48.0,40.8
chia-anchor-organic-muslin-summer-dress,Organic Muslin Summer Dress,L'ovedbaby,N428ANCHchs-6/9M,48.0,40.8
adobe-seahorse-organic-muslin-summer-dress,Organic Muslin Summer Dress,L'ovedbaby,N428SEAHadb-6/9M,48.0,40.8
adobe-chia-plaid-organic-muslin-summer-dress,Organic Muslin Summer Dress,L'ovedbaby,NP428PLDabdchs-6/9M,48.0,40.8
oatmeal-sailboat-organic-muslin-summer-dress,Organic Muslin Summer Dress,L'ovedbaby,N428SAILoat-6/9M,48.0,40.8
alligator-organic-potty-training-boxers,Organic Potty-Training Boxers,L'ovedbaby,KORP122ALL-2T,14.0,11.9
shark-organic-potty-training-boxers,Organic Potty-Training Boxers,L'ovedbaby,KORP122SHK-2T,14.0,11.9
farm-friends-organic-potty-training-boxers,Organic Potty-Training Boxers,L'ovedbaby,KORP122FARM-2T,14.0,11.9
little-lasso-organic-potty-training-boxers,Organic Potty-Training Boxers,L'ovedbaby,KORP122LL-2T,14.0,11.9
howdy-organic-potty-training-boxers,Organic Potty-Training Boxers,L'ovedbaby,KORP122HWD-2T,14.0,11.9
highland-cow-organic-potty-training-boxers,Organic Potty-Training Boxers,L'ovedbaby,KORP122HGHC-2T,14.0,11.9
llama-organic-potty-training-boxers,Organic Potty-Training Boxers,L'ovedbaby,KORP122LMA-2T,14.0,11.9
bison-organic-potty-training-boxers,Organic Potty-Training Boxers,L'ovedbaby,KORP122BIS-2T,14.0,11.9
latte-mountain-organic-potty-training-boxers,Organic Potty-Training Boxers,L'ovedbaby,KORP122MTNltt-2T,14.0,11.9
oatmeal-pinecone-organic-potty-training-boxers,Organic Potty-Training Boxers,L'ovedbaby,KORP122PCoat-2T,14.0,11.9
buttercream-tree-organic-potty-training-boxers,Organic Potty-Training Boxers,L'ovedbaby,KORP122BT-2T,14.0,11.9
farm-friends-organic-potty-training-briefs,Organic Potty-Training Briefs,L'ovedbaby,KORP123FARM-2T,14.0,11.9
flamingo-organic-potty-training-briefs,Organic Potty-Training Briefs,L'ovedbaby,KORP123FLA-2T,14.0,11.9
sea-turtle-organic-potty-training-briefs,Organic Potty-Training Briefs,L'ovedbaby,KORP123SEA-2T,14.0,11.9
blush-boots-organic-potty-training-briefs,Organic Potty-Training Briefs,L'ovedbaby,KORP123BLB-2T,14.0,11.9
howdy-organic-potty-training-briefs,Organic Potty-Training Briefs,L'ovedbaby,KORP123HWD-2T,14.0,11.9
llama-organic-potty-training-briefs,Organic Potty-Training Briefs,L'ovedbaby,KORP123LMA-2T,14.0,11.9
highland-cow-organic-potty-training-briefs,Organic Potty-Training Briefs,L'ovedbaby,KORP123HGHC-2T,14.0,11.9
oatmeal-pinecone-organic-potty-training-briefs,Organic Potty-Training Briefs,L'ovedbaby,KORP123PCoat-2T,14.0,11.9
buttercream-tree-organic-potty-training-briefs,Organic Potty-Training Briefs,L'ovedbaby,KORP123BT-2T,14.0,11.9
latte-mountain-organic-potty-training-briefs,Organic Potty-Training Briefs,L'ovedbaby,KORP123MTNltt-2T,14.0,11.9
farm-friends-organic-s-sleeve-coverall,Organic S/Sleeve Coverall,L'ovedbaby,ORP461FARM-0/3M,36.0,30.6
bison-organic-s-sleeve-coverall,Organic S/Sleeve Coverall,L'ovedbaby,ORP461BIS-0/3M,36.0,30.6
highland-cow-organic-s-sleeve-coverall,Organic S/Sleeve Coverall,L'ovedbaby,ORP461HGHC-0/3M,36.0,30.6
buttercream-organic-short-sleeve-bodysuit,Organic Short-Sleeve Bodysuit,L'ovedbaby,OR335b-0/3M,25.0,21.25
farm-friends-organic-short-sleeve-bodysuit,Organic Short-Sleeve Bodysuit,L'ovedbaby,ORP335FARM-0/3M,25.0,21.25
oatmeal-organic-short-sleeve-kimono-bodysuit,Organic Short-Sleeve Kimono Bodysuit,L'ovedbaby,OR338oml-nb,25.0,21.25
moonbeam-organic-short-sleeve-kimono-bodysuit,Organic Short-Sleeve Kimono Bodysuit,L'ovedbaby,OR338mb-nb,25.0,21.25
blush-organic-short-sleeve-kimono-bodysuit,Organic Short-Sleeve Kimono Bodysuit,L'ovedbaby,OR338bl-nb,25.0,21.25
seafoam-organic-short-sleeve-kimono-bodysuit,Organic Short-Sleeve Kimono Bodysuit,L'ovedbaby,OR338sf-nb,25.0,21.25
lavender-organic-short-sleeve-kimono-bodysuit,Organic Short-Sleeve Kimono Bodysuit,L'ovedbaby,OR338L-nb,25.0,21.25
buttercream-organic-short-sleeve-kimono-bodysuit,Organic Short-Sleeve Kimono Bodysuit,L'ovedbaby,OR338b-nb,25.0,21.25
eggplant-organic-short-sleeve-kimono-bodysuit,Organic Short-Sleeve Kimono Bodysuit,L'ovedbaby,OR338e-nb,25.0,21.25
black-organic-short-sleeve-kimono-bodysuit,Organic Short-Sleeve Kimono Bodysuit,L'ovedbaby,OR338blk-nb,25.0,21.25
white-organic-short-sleeve-kimono-bodysuit,Organic Short-Sleeve Kimono Bodysuit,L'ovedbaby,OR338w-nb,25.0,21.25
sage-organic-short-sleeve-kimono-bodysuit,Organic Short-Sleeve Kimono Bodysuit,L'ovedbaby,OR338s-nb,25.0,21.25
slate-organic-short-sleeve-kimono-bodysuit,Organic Short-Sleeve Kimono Bodysuit,L'ovedbaby,OR338sl-nb,25.0,21.25
light-gray-organic-short-sleeve-kimono-bodysuit,Organic Short-Sleeve Kimono Bodysuit,L'ovedbaby,OR338lg-nb,25.0,21.25
bark-organic-short-sleeve-kimono-bodysuit,Organic Short-Sleeve Kimono Bodysuit,L'ovedbaby,OR338bk-nb,25.0,21.25
stone-organic-short-sleeve-kimono-bodysuit,Organic Short-Sleeve Kimono Bodysuit,L'ovedbaby,OR338st-nb,25.0,21.25
coral-organic-short-sleeve-kimono-bodysuit,Organic Short-Sleeve Kimono Bodysuit,L'ovedbaby,OR338co-nb,25.0,21.25
navy-organic-short-sleeve-kimono-bodysuit,Organic Short-Sleeve Kimono Bodysuit,L'ovedbaby,OR338n-nb,25.0,21.25
mauve-organic-short-sleeve-kimono-bodysuit,Organic Short-Sleeve Kimono Bodysuit,L'ovedbaby,OR338m-nb,25.0,21.25
gray-organic-short-sleeve-kimono-bodysuit,Organic Short-Sleeve Kimono Bodysuit,L'ovedbaby,OR338g-nb,25.0,21.25
howdy-organic-sleeveless-romper,Organic Sleeveless Romper,L'ovedbaby,ORP418HWD-0/3M,36.0,30.6
little-lasso-organic-sleeveless-romper,Organic Sleeveless Romper,L'ovedbaby,ORP418LL-0/3M,36.0,30.6
farm-friends-organic-smocked-bubble-romper,Organic Smocked Bubble Romper,L'ovedbaby,ORP465FARM-0/3M,36.0,30.6
highland-cow-organic-smocked-bubble-romper,Organic Smocked Bubble Romper,L'ovedbaby,ORP465HGHC-0/3M,36.0,30.6
llama-organic-smocked-bubble-romper,Organic Smocked Bubble Romper,L'ovedbaby,ORP465LMA-0/3M,36.0,30.6
blues-organic-smocked-headband-3-pack,Organic Smocked Headband 3-Pack,L'ovedbaby,OR706blu-0/12M,35.0,29.75
gray-for-days-organic-smocked-headband-3-pack,Organic Smocked Headband 3-Pack,L'ovedbaby,OR706gdy-0/12M,35.0,29.75
baby-blues-organic-smocked-headband-3-pack,Organic Smocked Headband 3-Pack,L'ovedbaby,OR706bbbl-0/12M,35.0,29.75
black-white-organic-smocked-headband-3-pack,Organic Smocked Headband 3-Pack,L'ovedbaby,OR706blkw-0/12M,35.0,29.75
moonbeam-organic-smocked-tie-headband,Organic Smocked Tie Headband,L'ovedbaby,OR504mb-0/12M,12.5,10.63
light-gray-organic-smocked-tie-headband,Organic Smocked Tie Headband,L'ovedbaby,OR504lg-0/12M,12.5,10.63
stone-organic-smocked-tie-headband,Organic Smocked Tie Headband,L'ovedbaby,OR504st-0/12M,12.5,10.63
white-organic-smocked-tie-headband,Organic Smocked Tie Headband,L'ovedbaby,OR504w-0/12M,12.5,10.63
slate-organic-smocked-tie-headband,Organic Smocked Tie Headband,L'ovedbaby,OR504sl-0/12M,12.5,10.63
buttercream-organic-smocked-tie-headband,Organic Smocked Tie Headband,L'ovedbaby,OR504b-0/12M,12.5,10.63
sage-organic-smocked-tie-headband,Organic Smocked Tie Headband,L'ovedbaby,OR504s-0/12M,12.5,10.63
gray-organic-smocked-tie-headband,Organic Smocked Tie Headband,L'ovedbaby,OR504g-0/12M,12.5,10.63
mauve-organic-smocked-tie-headband,Organic Smocked Tie Headband,L'ovedbaby,OR504m-0/12M,12.5,10.63
black-organic-smocked-tie-headband,Organic Smocked Tie Headband,L'ovedbaby,OR504blk-0/12M,12.5,10.63
coral-organic-smocked-tie-headband,Organic Smocked Tie Headband,L'ovedbaby,OR504co-0/12M,12.5,10.63
eggplant-organic-smocked-tie-headband,Organic Smocked Tie Headband,L'ovedbaby,OR504e-0/12M,12.5,10.63
blush-organic-smocked-tie-headband,Organic Smocked Tie Headband,L'ovedbaby,OR504bl-0/12M,12.5,10.63
lavender-organic-smocked-tie-headband,Organic Smocked Tie Headband,L'ovedbaby,OR504L-0/12M,12.5,10.63
oatmeal-organic-smocked-tie-headband,Organic Smocked Tie Headband,L'ovedbaby,OR504oml-0/12M,12.5,10.63
seafoam-organic-smocked-tie-headband,Organic Smocked Tie Headband,L'ovedbaby,OR504sf-0/12M,12.5,10.63
navy-organic-smocked-tie-headband,Organic Smocked Tie Headband,L'ovedbaby,OR504n-0/12M,12.5,10.63
oatmeal-organic-snap-footie,Organic Snap Footie,L'ovedbaby,OR444oml-nb,36.0,30.6
moonbeam-organic-snap-footie,Organic Snap Footie,L'ovedbaby,OR444mb-nb,36.0,30.6
eggplant-stone-stripe-organic-snap-footie,Organic Snap Footie,L'ovedbaby,OR444SEST-nb,36.0,30.6
blush-organic-snap-footie,Organic Snap Footie,L'ovedbaby,OR444bl-nb,36.0,30.6
seafoam-organic-snap-footie,Organic Snap Footie,L'ovedbaby,OR444sf-nb,36.0,30.6
slate-organic-snap-footie,Organic Snap Footie,L'ovedbaby,OR444sl-nb,36.0,30.6
black-organic-snap-footie,Organic Snap Footie,L'ovedbaby,OR444blk-nb,36.0,30.6
bark-organic-snap-footie,Organic Snap Footie,L'ovedbaby,OR444bk-nb,36.0,30.6
stone-organic-snap-footie,Organic Snap Footie,L'ovedbaby,OR444st-nb,36.0,30.6
eggplant-organic-snap-footie,Organic Snap Footie,L'ovedbaby,OR444e-nb,36.0,30.6
mauve-organic-snap-footie,Organic Snap Footie,L'ovedbaby,OR444m-nb,36.0,30.6
coral-organic-snap-footie,Organic Snap Footie,L'ovedbaby,OR444co-nb,36.0,30.6
navy-organic-snap-footie,Organic Snap Footie,L'ovedbaby,OR444n-nb,36.0,30.6
buttercream-organic-snap-footie,Organic Snap Footie,L'ovedbaby,OR444b-nb,36.0,30.6
gray-organic-snap-footie,Organic Snap Footie,L'ovedbaby,OR444g-nb,36.0,30.6
lavender-organic-snap-footie,Organic Snap Footie,L'ovedbaby,OR444L-nb,36.0,30.6
sage-organic-snap-footie,Organic Snap Footie,L'ovedbaby,OR444s-nb,36.0,30.6
white-organic-snap-footie,Organic Snap Footie,L'ovedbaby,OR444w-nb,36.0,30.6
lavender-eggplant-organic-snap-footie,Organic Snap Footie,L'ovedbaby,OR444SLE-nb,36.0,30.6
gray-beige-organic-snap-footie,Organic Snap Footie,L'ovedbaby,OR444SGB-nb,36.0,30.6
light-gray-organic-snap-footie,Organic Snap Footie,L'ovedbaby,OR444lg-nb,36.0,30.6
tiny-tortoise-organic-sweatshirt-jogger-set,Organic Sweatshirt & Jogger Set,L'ovedbaby,ORP703dsrtTtse-0/3M,54.0,45.9
little-fox-organic-sweatshirt-jogger-set,Organic Sweatshirt & Jogger Set,L'ovedbaby,ORP703dsrtFox-0/3M,54.0,45.9
owl-hoo-organic-sweatshirt-jogger-set,Organic Sweatshirt & Jogger Set,L'ovedbaby,ORP703dsrtOwl-0/3M,54.0,45.9
midnight-organic-thermal-blanket,Organic Thermal Blanket,L'ovedbaby,T111mdn,30.0,25.5
crimson-organic-thermal-blanket,Organic Thermal Blanket,L'ovedbaby,T111crm,32.0,27.2
midnight-organic-thermal-knotted-hat,Organic Thermal Knotted Hat,L'ovedbaby,T384mdn-nb,14.0,11.9
crimson-organic-thermal-knotted-hat,Organic Thermal Knotted Hat,L'ovedbaby,T384crm-nb,14.0,11.9
forest-organic-thermal-knotted-hat,Organic Thermal Knotted Hat,L'ovedbaby,T384frs-nb,14.0,11.9
forest-organic-thermal-zipper-footie,Organic Thermal Zipper Footie,L'ovedbaby,T424frs-nb,38.0,32.3
midnight-organic-thermal-zipper-footie,Organic Thermal Zipper Footie,L'ovedbaby,T424mdn-nb,38.0,32.3
crimson-organic-thermal-zipper-footie,Organic Thermal Zipper Footie,L'ovedbaby,T424crm-nb,38.0,32.3
forest-organic-thermal-zipper-romper,Organic Thermal Zipper Romper,L'ovedbaby,T372frs-6/9M,38.0,32.3
midnight-organic-thermal-zipper-romper,Organic Thermal Zipper Romper,L'ovedbaby,T372mdn-6/9M,38.0,32.3
crimson-organic-thermal-zipper-romper,Organic Thermal Zipper Romper,L'ovedbaby,T372crm-6/9M,38.0,32.3
alligator-organic-unisex-bubble-romper,Organic Unisex Bubble Romper,L'ovedbaby,ORP326ALL-0/3M,36.0,30.6
shark-organic-unisex-bubble-romper,Organic Unisex Bubble Romper,L'ovedbaby,ORP326SHK-0/3M,36.0,30.6
alligator-organic-zipper-footie,Organic Zipper Footie,L'ovedbaby,ORP424ALL-nb,36.0,30.6
flamingo-organic-zipper-footie,Organic Zipper Footie,L'ovedbaby,ORP424FLA-nb,36.0,30.6
shark-organic-zipper-footie,Organic Zipper Footie,L'ovedbaby,ORP424SHK-nb,36.0,30.6
sea-turtle-organic-zipper-footie,Organic Zipper Footie,L'ovedbaby,ORP424SEA-nb,36.0,30.6
howdy-organic-zipper-footie,Organic Zipper Footie,L'ovedbaby,ORP424HWD-nb,36.0,30.6
blush-boots-organic-zipper-footie,Organic Zipper Footie,L'ovedbaby,ORP424BLB-nb,36.0,30.6
farm-friends-organic-zipper-footie,Organic Zipper Footie,L'ovedbaby,ORP424FARM-nb,36.0,30.6
little-lasso-organic-zipper-footie,Organic Zipper Footie,L'ovedbaby,ORP424LL-nb,36.0,30.6
llama-organic-zipper-footie,Organic Zipper Footie,L'ovedbaby,ORP424LMA-nb,36.0,30.6
bison-organic-zipper-footie,Organic Zipper Footie,L'ovedbaby,ORP424BIS-nb,36.0,30.6
highland-cow-organic-zipper-footie,Organic Zipper Footie,L'ovedbaby,ORP424HGHC-nb,36.0,30.6
mom-heart-organic-zipper-footie,Organic Zipper Footie,L'ovedbaby,ORP424MOM-nb,36.0,30.6
jack-o-lanterns-organic-zipper-footie,Organic Zipper Footie,L'ovedbaby,ORP424jol-nb,36.0,30.6
ghosts-organic-zipper-footie,Organic Zipper Footie,L'ovedbaby,ORP424ght-nb,36.0,30.6
oatmeal-pinecone-organic-zipper-footie,Organic Zipper Footie,L'ovedbaby,ORP424PCoat-nb,36.0,30.6
buttercream-tree-organic-zipper-footie,Organic Zipper Footie,L'ovedbaby,ORP424BT-nb,36.0,30.6
latte-mountain-organic-zipper-footie,Organic Zipper Footie,L'ovedbaby,ORP424MTNltt-nb,36.0,30.6
owl-hoo-organic-zipper-footie,Organic Zipper Footie,L'ovedbaby,ORP424dsrtOwl-nb,36.0,30.6
tiny-tortoise-organic-zipper-footie,Organic Zipper Footie,L'ovedbaby,ORP424dsrtTtse-nb,36.0,30.6
little-fox-organic-zipper-footie,Organic Zipper Footie,L'ovedbaby,ORP424dsrtFox-nb,36.0,30.6
black-organic-zipper-footie,Organic Zipper Footie,L'ovedbaby,OR424blk-nb,36.0,30.6
lavender-organic-zipper-footie,Organic Zipper Footie,L'ovedbaby,OR424L-nb,36.0,30.6
blush-organic-zipper-footie,Organic Zipper Footie,L'ovedbaby,OR424bl-nb,36.0,30.6
buttercream-organic-zipper-footie,Organic Zipper Footie,L'ovedbaby,OR424b-nb,36.0,30.6
slate-organic-zipper-footie,Organic Zipper Footie,L'ovedbaby,OR424sl-nb,36.0,30.6
moonbeam-organic-zipper-footie,Organic Zipper Footie,L'ovedbaby,OR424mb-nb,36.0,30.6
oatmeal-organic-zipper-footie,Organic Zipper Footie,L'ovedbaby,OR424oml-nb,36.0,30.6
plum-organic-zipper-footie,Organic Zipper Footie,L'ovedbaby,OR424plm-nb,36.0,30.6
mauve-organic-zipper-footie,Organic Zipper Footie,L'ovedbaby,OR424m-nb,36.0,30.6
sage-organic-zipper-footie,Organic Zipper Footie,L'ovedbaby,OR424s-nb,36.0,30.6
gray-organic-zipper-footie,Organic Zipper Footie,L'ovedbaby,OR424g-nb,36.0,30.6
white-organic-zipper-footie,Organic Zipper Footie,L'ovedbaby,OR424w-nb,36.0,30.6
navy-organic-zipper-footie,Organic Zipper Footie,L'ovedbaby,OR424n-nb,36.0,30.6
stone-organic-zipper-footie,Organic Zipper Footie,L'ovedbaby,OR424st-nb,36.0,30.6
seafoam-organic-zipper-footie,Organic Zipper Footie,L'ovedbaby,OR424sf-nb,36.0,30.6
light-gray-organic-zipper-footie,Organic Zipper Footie,L'ovedbaby,OR424lg-nb,36.0,30.6
shark-organic-zipper-romper,Organic Zipper Romper,L'ovedbaby,ORP422SHK-9/12M,36.0,30.6
sea-turtle-organic-zipper-romper,Organic Zipper Romper,L'ovedbaby,ORP422SEA-9/12M,36.0,30.6
flamingo-organic-zipper-romper,Organic Zipper Romper,L'ovedbaby,ORP422FLA-9/12M,36.0,30.6
alligator-organic-zipper-romper,Organic Zipper Romper,L'ovedbaby,ORP422ALL-9/12M,36.0,30.6
blush-boots-organic-zipper-romper,Organic Zipper Romper,L'ovedbaby,ORP422BLB-9/12M,36.0,30.6
little-lasso-organic-zipper-romper,Organic Zipper Romper,L'ovedbaby,ORP422LL-9/12M,36.0,30.6
farm-friends-organic-zipper-romper,Organic Zipper Romper,L'ovedbaby,ORP422FARM-9/12M,36.0,30.6
howdy-organic-zipper-romper,Organic Zipper Romper,L'ovedbaby,ORP422HWD-9/12M,36.0,30.6
llama-organic-zipper-romper,Organic Zipper Romper,L'ovedbaby,ORP422LMA-9/12M,36.0,30.6
highland-cow-organic-zipper-romper,Organic Zipper Romper,L'ovedbaby,ORP422HGHC-9/12M,36.0,30.6
bison-organic-zipper-romper,Organic Zipper Romper,L'ovedbaby,ORP422BIS-9/12M,36.0,30.6
buttercream-tree-organic-zipper-romper,Organic Zipper Romper,L'ovedbaby,ORP372BT-6/9M,36.0,30.6
oatmeal-pinecone-organic-zipper-romper,Organic Zipper Romper,L'ovedbaby,ORP372PCoat-6/9M,36.0,30.6
latte-mountain-organic-zipper-romper,Organic Zipper Romper,L'ovedbaby,ORP372MTNltt-6/9M,36.0,30.6
little-fox-organic-zipper-romper,Organic Zipper Romper,L'ovedbaby,ORP422dsrtFox-9/12M,36.0,30.6
owl-hoo-organic-zipper-romper,Organic Zipper Romper,L'ovedbaby,ORP422dsrtOwl-9/12M,36.0,30.6
tiny-tortoise-organic-zipper-romper,Organic Zipper Romper,L'ovedbaby,ORP422dsrtTtse-9/12M,36.0,30.6
buttercream-organic-zipper-romper,Organic Zipper Romper,L'ovedbaby,OR422b-9/12M,36.0,30.6
gray-organic-zipper-romper,Organic Zipper Romper,L'ovedbaby,OR422g-9/12M,36.0,30.6
seafoam-organic-zipper-romper,Organic Zipper Romper,L'ovedbaby,OR422sf-9/12M,36.0,30.6
black-organic-zipper-romper,Organic Zipper Romper,L'ovedbaby,OR422blk-9/12M,36.0,30.6
white-organic-zipper-romper,Organic Zipper Romper,L'ovedbaby,OR422w-9/12M,36.0,30.6
sage-organic-zipper-romper,Organic Zipper Romper,L'ovedbaby,OR422s-9/12M,36.0,30.6
navy-organic-zipper-romper,Organic Zipper Romper,L'ovedbaby,OR422n-9/12M,36.0,30.6
stone-organic-zipper-romper,Organic Zipper Romper,L'ovedbaby,OR422st-9/12M,36.0,30.6
mauve-organic-zipper-romper,Organic Zipper Romper,L'ovedbaby,OR422m-9/12M,36.0,30.6
plum-organic-zipper-romper,Organic Zipper Romper,L'ovedbaby,OR422plm-9/12M,36.0,30.6
lavender-organic-zipper-romper,Organic Zipper Romper,L'ovedbaby,OR422L-9/12M,36.0,30.6
slate-organic-zipper-romper,Organic Zipper Romper,L'ovedbaby,OR422sl-9/12M,36.0,30.6
light-gray-organic-zipper-romper,Organic Zipper Romper,L'ovedbaby,OR422lg-9/12M,36.0,30.6
blush-organic-zipper-romper,Organic Zipper Romper,L'ovedbaby,OR422bl-9/12M,36.0,30.6
moonbeam-organic-zipper-romper,Organic Zipper Romper,L'ovedbaby,OR422mb-9/12M,36.0,30.6
oatmeal-organic-zipper-romper,Organic Zipper Romper,L'ovedbaby,OR422oml-9/12M,36.0,30.6
pine-peak-3-pack-headband-set,Pine & Peak | 3-Pack Headband Set,L'ovedbaby,ORP706pipk-0/12M,35.0,29.75
pine-peak-organic-potty-training-boxers-3-pack-box-set,"Pine & Peak | Organic Potty-Training Boxers, 3-Pack (BOX SET)",L'ovedbaby,KORP790pipk-2T,39.5,33.58
pine-peak-organic-potty-training-briefs-3-pack-box-set,"Pine & Peak | Organic Potty-Training Briefs, 3-Pack (BOX SET)",L'ovedbaby,KORP791pipk-2T,39.5,33.58
santas-sleigh-holiday-thermal-blanket,Santa's Sleigh | Holiday Thermal Blanket,L'ovedbaby,HT111SntSl,34.0,28.9
sea-turtle-organic-smocked-headband,Sea Turtle | Organic Smocked Headband,L'ovedbaby,ORP504SEA-0/12M,12.5,10.63
flamingo-skirted-x-back-bodysuit,Skirted X-Back Bodysuit,L'ovedbaby,ORP328FLA-0/3M,34.0,28.9
sea-turtle-skirted-x-back-bodysuit,Skirted X-Back Bodysuit,L'ovedbaby,ORP328SEA-0/3M,34.0,28.9
snowy-night-holiday-thermal-blanket,Snowy Night | Holiday Thermal Blanket,L'ovedbaby,HT111SnNi,34.0,28.9
santas-sleigh-womens-holiday-thermal-pj-cap-set,Women's Holiday Thermal PJ & Cap Set,L'ovedbaby,WHT345SntSl-XS,95.0,80.75
frosty-pine-womens-holiday-thermal-pj-cap-set,Women's Holiday Thermal PJ & Cap Set,L'ovedbaby,WHT345FrPi-XS,95.0,80.75
snowy-night-womens-holiday-thermal-pj-cap-set,Women's Holiday Thermal PJ & Cap Set,L'ovedbaby,WHT345SnNi-XS,95.0,80.75
light-gray-womens-organic-lounge-set,Women's Organic Lounge Set,L'ovedbaby,W345lg-XS,90.0,76.5
gray-womens-organic-lounge-set,Women's Organic Lounge Set,L'ovedbaby,W345g-XS,90.0,76.5
black-womens-organic-lounge-set,Women's Organic Lounge Set,L'ovedbaby,W345blk-XS,90.0,76.5
mauve-womens-organic-lounge-set,Women's Organic Lounge Set,L'ovedbaby,W345m-XS,90.0,76.5
oatmeal-womens-organic-lounge-set,Women's Organic Lounge Set,L'ovedbaby,W345oml-XS,90.0,76.5
midnight-womens-organic-thermal-lounge-set,Women's Organic Thermal Lounge Set,L'ovedbaby,WT345mdn-XS,90.0,76.5
crimson-womens-organic-thermal-lounge-set,Women's Organic Thermal Lounge Set,L'ovedbaby,WT345crm-XS,90.0,76.5
forest-womens-organic-thermal-lounge-set,Women's Organic Thermal Lounge Set,L'ovedbaby,WT345frs-XS,90.0,76.5
organic-2-way-zip-romper-fog-stripes,Organic 2-Way Zip Romper,Makemake Organics,RO/Z-FS-SS26-0/3,25.2,15.12
organic-2-way-zip-romper-terra-stripes,Organic 2-Way Zip Romper,Makemake Organics,RO/Z-TS-SS26-0/3,25.2,15.12
organic-2-way-zip-romper-ice-cream,Organic 2-Way Zip Romper,Makemake Organics,RO/Z-IC-SS26-0/3,25.2,15.12
organic-2-way-zip-romper-horses,Organic 2-Way Zip Romper,Makemake Organics,RO/Z-HO-SS26-0/3,42.0,25.2
organic-2-way-zip-romper-dino,Organic 2-Way Zip Romper,Makemake Organics,RO/Z-DI-SS26-0/3,25.2,15.12
organic-2-way-zip-romper-lemons,Organic 2-Way Zip Romper,Makemake Organics,RO/Z-LE-SS26-0/3,25.2,15.12
organic-bucket-sun-hat-basil-stripes,Organic Bucket Sun Hat,Makemake Organics,SH-BS-SS26-6/24,19.2,11.52
organic-bucket-sun-hat-coral-stripes,Organic Bucket Sun Hat,Makemake Organics,SH-COS-SS26-6/24,19.2,11.52
organic-bucket-sun-hat-bloomfield,Organic Bucket Sun Hat,Makemake Organics,SH-BL-SS26-6/24,19.2,11.52
organic-bucket-sun-hat-poppy,Organic Bucket Sun Hat,Makemake Organics,SH-PO-SS26-6/24,19.2,11.52
organic-bucket-sun-hat-sienna,Organic Bucket Sun Hat,Makemake Organics,SH-SI-SS26-6/24,19.2,11.52
organic-bucket-sun-hat-tulle-floral,Organic Bucket Sun Hat,Makemake Organics,SH-TF-SS26-6/24,19.2,11.52
organic-bucket-sun-hat-brick-checks,Organic Bucket Sun Hat,Makemake Organics,SH-BC-SS26-6/24,19.2,11.52
organic-bucket-sun-hat-yellow-blossom,Organic Bucket Sun Hat,Makemake Organics,SH-YB-SS26-6/24,19.2,11.52
organic-bucket-sun-hat-blush-floral,Organic Bucket Sun Hat,Makemake Organics,SH-BF-SS26-6/24,19.2,11.52
organic-bucket-sun-hat-cross,Organic Bucket Sun Hat,Makemake Organics,SH-CR-SS26-6/24,19.2,11.52
organic-bucket-sun-hat-pastel-bloom,Organic Bucket Sun Hat,Makemake Organics,SH-PB-SS26-6/24,19.2,19.2
organic-buttoned-jumpsuit-brick-checks,Organic Buttoned Jumpsuit,Makemake Organics,JS/BT1-BC-SS26-0/3,25.2,15.12
organic-buttoned-jumpsuit-cross,Organic Buttoned Jumpsuit,Makemake Organics,JS/BT1-CR-SS26-0/3,25.2,15.12
organic-clinch-romper-blush,Organic Clinch Romper,Makemake Organics,RO/CL1-BLU-SS26-0/3,22.8,13.68
organic-clinch-romper-clay,Organic Clinch Romper,Makemake Organics,RO/CL1-CL-SS26-0/3,22.8,13.68
organic-collar-tee-shorts-set-rodeo,Organic Collar Tee & Shorts Set,Makemake Organics,TSS/13-RO-SS26-2Y,31.2,18.72
organic-collar-tee-shorts-set-dotty-gingham,Organic Collar Tee & Shorts Set,Makemake Organics,TSS/13-DG-SS26-2Y,31.2,18.72
organic-collar-tee-shorts-set-terra-stripes,Organic Collar Tee & Shorts Set,Makemake Organics,TSS/13-TS-SS26-2Y,31.2,18.72
organic-collared-romper-clay,Organic Collared Romper,Makemake Organics,RO/CO1-CL-SS26-0/3,26.4,15.84
organic-collared-romper-blue-stripes,Organic Collared Romper,Makemake Organics,RO/CO1-BLS-SS26-0/3,26.4,15.84
organic-cross-back-dress-basil-stripes,Organic Cross Back Dress,Makemake Organics,DR/CB1-BS-SS26-6/12,37.2,22.32
organic-cross-back-dress-blush,Organic Cross Back Dress,Makemake Organics,DR/CB1-BLU-SS26-6/12,37.2,22.32
organic-cross-back-dress-coral-stripes,Organic Cross Back Dress,Makemake Organics,DR/CB1-COS-SS26-6/12,37.2,22.32
organic-cutout-back-dress-ice-cream,Organic Cutout Back Dress,Makemake Organics,DR/SD12-IC-SS26-6/12,28.8,17.28
organic-cutout-back-dress-lemons,Organic Cutout Back Dress,Makemake Organics,DR/SD12-LE-SS26-6/12,28.8,17.28
organic-dolman-sleeve-dress-cherry,Organic Dolman Sleeve Dress,Makemake Organics,DR/SL1-CH-SS26-6/12,28.8,17.28
organic-dolman-sleeve-dress-pop-floral,Organic Dolman Sleeve Dress,Makemake Organics,DR/SL1-PF-SS26-6/12,28.8,17.28
organic-drop-shoulder-tee-shorts-set-horses,Organic Drop Shoulder Tee & Shorts Set,Makemake Organics,TB/ST2-HO-SS26-2Y,28.8,17.28
organic-drop-shoulder-tee-shorts-set-coastal,Organic Drop Shoulder Tee & Shorts Set,Makemake Organics,TB/ST2-CO-SS26-2Y,28.8,17.28
organic-embroidered-ruffle-romper-blush,Organic Embroidered Ruffle Romper,Makemake Organics,RO/FL3-BLU-SS26-0/3,26.4,15.84
organic-embroidered-ruffle-romper-clay,Organic Embroidered Ruffle Romper,Makemake Organics,RO/FL3-CL-SS26-0/3,26.4,15.84
organic-embroidered-tiered-dress-clay,Organic Embroidered Tiered Dress,Makemake Organics,DR/TR1-CL-SS26-6/12,31.2,18.72
organic-embroidered-tiered-dress-blush,Organic Embroidered Tiered Dress,Makemake Organics,DR/TR1-BLU-SS26-6/12,31.2,18.72
organic-eyelet-bubble-sleeve-dress-ivory-eyelet,Organic Eyelet Bubble Sleeve Dress,Makemake Organics,DR/EBL1-IE-SS26-6/12,34.8,20.88
organic-eyelet-bubble-sleeve-dress-clay-eyelet,Organic Eyelet Bubble Sleeve Dress,Makemake Organics,DR/EBL1-CE-SS26-6/12,34.8,20.88
organic-eyelet-bubble-sleeve-dress-blush-eyelet,Organic Eyelet Bubble Sleeve Dress,Makemake Organics,DR/EBL1-BE-SS26-6/12,34.8,20.88
organic-eyelet-flutter-dress-light-blue-eyelet,Organic Eyelet Flutter Dress,Makemake Organics,DR/EFL1-LBE-SS26-6/12,34.8,20.88
organic-eyelet-flutter-dress-blush-eyelet,Organic Eyelet Flutter Dress,Makemake Organics,DR/EFL1-BE-SS26-6/12,34.8,20.88
organic-eyelet-flutter-dress-ivory-eyelet,Organic Eyelet Flutter Dress,Makemake Organics,DR/EFL1-IE-SS26-6/12,34.8,20.88
organic-eyelet-flutter-romper-clay-eyelet,Organic Eyelet Flutter Romper,Makemake Organics,RO/EFL1-CE-SS26-0/3,25.2,15.12
organic-eyelet-flutter-romper-light-blue-eyelet,Organic Eyelet Flutter Romper,Makemake Organics,RO/EFL1-LBE-SS26-0/3,25.2,15.12
organic-eyelet-flutter-romper-ivory-eyelet,Organic Eyelet Flutter Romper- Ivory Eyelet,Makemake Organics,RO/EFL1-IE-SS26-0/3,25.2,15.12
organic-eyelet-flutter-top-and-shorts-set-light-blue-eyelet,Organic Eyelet Flutter Top And Shorts Set,Makemake Organics,TB/EFL1-LBE-SS26-2Y,31.2,18.72
organic-eyelet-flutter-top-and-shorts-set-ivory-eyelet,Organic Eyelet Flutter Top And Shorts Set,Makemake Organics,TB/EFL1-IE-SS26-2Y,31.2,18.72
organic-eyelet-top-and-pant-set-blush-eyelet,Organic Eyelet Top And Pant Set,Makemake Organics,TB/EY1-BE-SS26-2Y,34.8,20.88
organic-eyelet-top-and-pant-set-ivory-eyelet,Organic Eyelet Top And Pant Set,Makemake Organics,TB/EY1-IE-SS26-2Y,34.8,20.88
organic-eyelet-top-and-pant-set-light-blue-eyelet,Organic Eyelet Top And Pant Set,Makemake Organics,TB/EY1-LBE-SS26-2Y,34.8,20.88
organic-flutter-buttoned-tiered-dress-spring-weave,Organic Flutter Buttoned Tiered Dress,Makemake Organics,DR/FL3-SW-SS26-6/12,28.8,17.28
organic-flutter-buttoned-tiered-dress-ivy-floral,Organic Flutter Buttoned Tiered Dress,Makemake Organics,DR/FL3-IF-SS26-6/12,28.8,17.28
organic-flutter-buttoned-tiered-dress-bluebelle,Organic Flutter Buttoned Tiered Dress,Makemake Organics,DR/FL3-BB-SS26-6/12,28.8,17.28
organic-flutter-dress-peony,Organic Flutter Dress,Makemake Organics,DR/FL2-PE-SS26-6/12,28.8,17.28
organic-flutter-dress-meadow,Organic Flutter Dress,Makemake Organics,DR/FL2-ME-SS26-6/12,28.8,17.28
organic-flutter-jumpsuit-coral-stripes,Organic Flutter Jumpsuit,Makemake Organics,JS/FL2-COS-SS26-2Y,31.2,18.72
organic-flutter-jumpsuit-basil-stripes,Organic Flutter Jumpsuit,Makemake Organics,JS/FL2-BS-SS26-2Y,31.2,18.72
organic-flutter-romper-meadow,Organic Flutter Romper,Makemake Organics,RO/SL2-ME-SS26-0/3,22.8,13.68
organic-flutter-romper-peony,Organic Flutter Romper,Makemake Organics,RO/SL2-PE-SS26-0/3,22.8,13.68
organic-flutter-top-shorts-set-bloomfield,Organic Flutter Top & Shorts Set,Makemake Organics,TSS/7-BL-SS26-2Y,31.2,18.72
organic-flutter-top-shorts-set-poppy,Organic Flutter Top & Shorts Set,Makemake Organics,TSS/7-PO-SS26-2Y,31.2,18.72
organic-graphic-tee-shorts-set-wild-west,Organic Graphic Tee & Shorts Set,Makemake Organics,TSS/11-WW-SS26-12/18,28.8,17.28
organic-graphic-tee-shorts-set-new-york,Organic Graphic Tee & Shorts Set,Makemake Organics,TSS/11-NE-SS26-12/18,28.8,17.28
organic-graphic-tee-shorts-set-beach-day,Organic Graphic Tee & Shorts Set,Makemake Organics,TSS/11-BD-SS26-12/18,28.8,17.28
organic-hair-bow-clip-spring-weave,Organic Hair Bow Clip,Makemake Organics,HB-SW-SS26-OS,10.8,6.48
organic-hair-bow-clip-bluebelle,Organic Hair Bow Clip,Makemake Organics,HB-BB-SS26-OS,10.8,6.48
organic-hair-bow-clip-blue-vines,Organic Hair Bow Clip,Makemake Organics,HB-BV-SS26-OS,10.8,6.48
organic-hair-bow-clip-pink-bloom,Organic Hair Bow Clip,Makemake Organics,HB-PIB-SS26-OS,10.8,6.48
organic-hair-bow-clip-tulle-floral,Organic Hair Bow Clip,Makemake Organics,HB-TF-SS26-OS,10.8,6.48
organic-hair-bow-clip-lavender,Organic Hair Bow Clip,Makemake Organics,HB-LA-SS26-OS,10.8,6.48
organic-hair-bow-clip-sienna,Organic Hair Bow Clip,Makemake Organics,HB-SI-SS26-OS,10.8,6.48
organic-kimono-knotted-sleep-gown-meadow,Organic Kimono Knotted Sleep Gown - Meadow,Makemake Organics,SG/KN2-ME-SS26-0/3,26.4,15.84
organic-lace-collar-onesie-tights-set-blush,Organic Lace Collar Onesie & Tights Set,Makemake Organics,RO/LC1-BLU-SS26-0/3,26.4,15.84
organic-lace-collar-onesie-tights-set-fog,Organic Lace Collar Onesie & Tights Set,Makemake Organics,RO/LC1-FO-SS26-0/3,26.4,15.84
organic-polo-shirt-shorts-set-slate,Organic Polo Shirt & Shorts Set,Makemake Organics,SS/ST1-SL-SS26-12/18,31.2,18.72
organic-polo-shirt-shorts-set-light-blue,Organic Polo Shirt & Shorts Set,Makemake Organics,SS/ST1-LB-SS26-12/18,31.2,18.72
organic-ruffle-jumpsuit-cherry,Organic Ruffle Jumpsuit,Makemake Organics,JS/FL1-CH-SS26-2Y,22.8,13.68
organic-ruffle-jumpsuit-pop-floral,Organic Ruffle Jumpsuit,Makemake Organics,JS/FL1-PF-SS26-2Y,22.8,13.68
organic-ruffle-sleeve-bubble-romper-yellow-blossom,Organic Ruffle Sleeve Bubble Romper,Makemake Organics,RO/FL5-YB-SS26-0/3,25.2,15.12
organic-ruffle-sleeve-bubble-romper-sienna,Organic Ruffle Sleeve Bubble Romper,Makemake Organics,RO/FL5-SI-SS26-0/3,42.0,25.2
organic-ruffle-tiered-dress-bloomfield,Organic Ruffle Tiered Dress,Makemake Organics,DR/RF1-BL-SS26-6/12,28.8,17.28
organic-ruffle-tiered-dress-pastel-bloom,Organic Ruffle Tiered Dress,Makemake Organics,DR/RF1-PB-SS26-6/12,28.8,17.28
organic-ruffle-tiered-dress-blush-floral,Organic Ruffle Tiered Dress,Makemake Organics,DR/RF1-BF-SS26-6/12,28.8,17.28
organic-ruffle-tiered-dress-poppy,Organic Ruffle Tiered Dress,Makemake Organics,DR/RF1-PO-SS26-6/12,28.8,17.28
organic-ruffle-top-shorts-set-blush,Organic Ruffle Top & Shorts Set,Makemake Organics,TSS/20-BLU-SS26-2Y,28.8,17.28
organic-ruffle-top-shorts-set-fog,Organic Ruffle Top & Shorts Set,Makemake Organics,TSS/20-FO-SS26-2Y,28.8,17.28
organic-scalloped-top-bloomers-set-lavender,Organic Scalloped Top & Bloomers Set,Makemake Organics,TSS/15-LA-SS26-0/3,26.4,15.84
organic-scalloped-top-bloomers-set-pink-bloom,Organic Scalloped Top & Bloomers Set,Makemake Organics,TSS/15-PIB-SS26-0/3,26.4,15.84
organic-scalloped-top-bloomers-set-tulle-floral,Organic Scalloped Top & Bloomers Set,Makemake Organics,TSS/15-TF-SS26-0/3,26.4,15.84
organic-shirt-shorts-set-basil-stripes,Organic Shirt & Shorts Set,Makemake Organics,TSS/9-BS-SS26-2Y,31.2,31.2
organic-shirt-shorts-set-coral-stripes,Organic Shirt & Shorts Set,Makemake Organics,TSS/9-COS-SS26-2Y,31.2,18.72
organic-shirt-shorts-set-blue-stripes,Organic Shirt & Shorts Set,Makemake Organics,TSS/9-BLS-SS26-2Y,31.2,18.72
organic-shirt-shorts-set-brick-checks,Organic Shirt & Shorts Set,Makemake Organics,TSS/9-BC-SS26-2Y,31.2,18.72
organic-shirt-shorts-set-cross,Organic Shirt & Shorts Set,Makemake Organics,TSS/9-CR-SS26-2Y,31.2,18.72
organic-shirt-shorts-set-poppy,Organic Shirt & Shorts Set,Makemake Organics,TSS/9-PO-SS26-2Y,31.2,18.72
organic-short-bubble-romper-coral-stripes,Organic Short Bubble Romper,Makemake Organics,RO/S2-COS-SS26-0/3,22.8,13.68
organic-short-bubble-romper-basil-stripes,Organic Short Bubble Romper,Makemake Organics,RO/S2-BS-SS26-0/3,22.8,13.68
organic-short-romper-cabana-stripes,Organic Short Romper,Makemake Organics,RO/SH1-CS-SS26-0/3,22.8,13.68
organic-short-romper-clay,Organic Short Romper,Makemake Organics,RO/SH1-CL-SS26-0/3,22.8,13.68
organic-short-sleeve-bubble-romper-dotty-gingham,Organic Short Sleeve Bubble Romper,Makemake Organics,RO/BB-DG-SS26-0/3,22.8,13.68
organic-short-sleeve-bubble-romper-rodeo,Organic Short Sleeve Bubble Romper,Makemake Organics,RO/BB-RO-SS26-0/3,22.8,13.68
organic-short-sleeve-bubble-romper-terra-stripes,Organic Short Sleeve Bubble Romper,Makemake Organics,RO/BB-TS-SS26-0/3,22.8,13.68
organic-short-sleeve-bubble-romper-island-palm,Organic Short Sleeve Bubble Romper,Makemake Organics,RO/BB-IP-SS26-0/3,22.8,13.68
organic-short-sleeve-flutter-dress-pink-bloom,Organic Short Sleeve Flutter Dress,Makemake Organics,DR/FL5-PIB-SS26-6/12,31.2,18.72
organic-short-sleeve-flutter-dress-lavender,Organic Short Sleeve Flutter Dress,Makemake Organics,DR/FL5-LA-SS26-6/12,31.2,18.72
organic-short-sleeve-flutter-dress-tulle-floral,Organic Short Sleeve Flutter Dress,Makemake Organics,DR/FL5-TF-SS26-6/12,31.2,18.72
organic-short-sleeve-zip-romper-island-palm,Organic Short Sleeve Zip Romper,Makemake Organics,RO/Z1-IP-SS26-0/3,22.8,13.68
organic-short-sleeve-zip-romper-rodeo,Organic Short Sleeve Zip Romper,Makemake Organics,RO/Z1-RO-SS26-0/3,38.0,22.8
organic-short-zip-romper-cars,Organic Short Zip Romper - Cars,Makemake Organics,RO/SZ-CA-SS26-0/3,22.8,13.68
organic-sleeveless-flutter-top-shorts-set-bows,Organic Sleeveless Flutter Top & Shorts Set,Makemake Organics,TSS/3-BO-SS26-12/18,28.8,17.28
organic-sleeveless-flutter-top-shorts-set-spring-floral,Organic Sleeveless Flutter Top & Shorts Set,Makemake Organics,TSS/3-SF-SS26-12/18,28.8,17.28
organic-sleeveless-flutter-top-shorts-set-lobster,Organic Sleeveless Flutter Top & Shorts Set,Makemake Organics,TSS/3-LO-SS26-12/18,28.8,17.28
organic-sleeveless-ruffle-bubble-romper-poppy,Organic Sleeveless Ruffle Bubble Romper,Makemake Organics,RO/FL4-PO-SS26-0/3,22.8,13.68
organic-sleeveless-ruffle-bubble-romper-pastel-bloom,Organic Sleeveless Ruffle Bubble Romper,Makemake Organics,RO/FL4-PB-SS26-0/3,22.8,13.68
organic-sleeveless-ruffle-bubble-romper-blush-floral,Organic Sleeveless Ruffle Bubble Romper,Makemake Organics,RO/FL4-BF-SS26-0/3,22.8,13.68
organic-sleeveless-tee-shorts-set-light-blue,Organic Sleeveless Tee & Shorts Set,Makemake Organics,TB/SL1-LB-SS26-6/12,28.8,17.28
organic-sleeveless-tee-shorts-set-cabana-stripes,Organic Sleeveless Tee & Shorts Set,Makemake Organics,TB/SL1-CS-SS26-6/12,28.8,17.28
organic-sleeveless-tee-shorts-set-blush,Organic Sleeveless Tee & Shorts Set,Makemake Organics,TB/SL1-BLU-SS26-6/12,28.8,17.28
organic-smocked-button-romper-light-blue,Organic Smocked Button Romper - Light Blue,Makemake Organics,RO/SM1-LB-SS26-0/3,25.2,15.12
organic-smocked-collar-dress-light-blue,Organic Smocked Collar Dress - Light Blue,Makemake Organics,DR/CD4-LB-SS26-6/12,37.2,22.32
organic-smocked-jumpsuit-blush-floral,Organic Smocked Jumpsuit,Makemake Organics,JS/SD1-BF-SS26-2Y,31.2,18.72
organic-smocked-jumpsuit-pastel-bloom,Organic Smocked Jumpsuit,Makemake Organics,JS/SD1-PB-SS26-2Y,31.2,18.72
organic-smocked-sundress-yellow-blossom,Organic Smocked Sundress,Makemake Organics,DR/SD1-YB-SS26-6/12,31.2,18.72
organic-smocked-sundress-sienna,Organic Smocked Sundress,Makemake Organics,DR/SD1-SI-SS26-6/12,31.2,18.72
organic-smocked-top-shorts-set-light-blue,Organic Smocked Top & Shorts Set,Makemake Organics,TSS/19-LB-SS26-2Y,37.2,22.32
organic-smocked-top-shorts-set-butter-yellow,Organic Smocked Top & Shorts Set,Makemake Organics,TSS/19-BY-SS26-2Y,37.2,22.32
organic-smocked-top-shorts-set-blue-vines,Organic Smocked Top & Shorts Set,Makemake Organics,TSS/19-BV-SS26-2Y,37.2,22.32
organic-smocked-top-and-bloomer-set-coral-stripes,Organic Smocked Top And Bloomer Set,Makemake Organics,TSS/18-COS-SS26-0/3,25.2,15.12
organic-smocked-top-and-bloomer-set-blush,Organic Smocked Top And Bloomer Set,Makemake Organics,TSS/18-BLU-SS26-0/3,25.2,15.12
organic-smocked-top-and-bloomer-set-basil-stripes,Organic Smocked Top And Bloomer Set,Makemake Organics,TSS/18-BS-SS26-0/3,25.2,15.12
organic-smocked-top-and-bloomer-set-caramel-check,Organic Smocked Top And Bloomer Set,Makemake Organics,TSS/18-CC-SS26-0/3,25.2,15.12
organic-swaddle-blanket-hat-set-meadow,Organic Swaddle Blanket & Hat Set - Meadow,Makemake Organics,BL-ME-SS26-OS,48.0,28.8
organic-tank-romper-cabana-stripes,Organic Tank Romper,Makemake Organics,RO/TA1-CS-SS26-2Y,26.4,15.84
organic-tank-romper-blush,Organic Tank Romper,Makemake Organics,RO/TA1-BLU-SS26-2Y,26.4,15.84
organic-tank-romper-butter-yellow,Organic Tank Romper,Makemake Organics,RO/TA1-BY-SS26-2Y,26.4,15.84
organic-tank-romper-clay,Organic Tank Romper,Makemake Organics,RO/TA1-CL-SS26-2Y,26.4,15.84
organic-tank-top-shorts-set-fog-stripes,Organic Tank Top & Shorts Set,Makemake Organics,TSS/12-FS-SS26-2Y,28.8,17.28
organic-tank-top-shorts-set-terra-stripes,Organic Tank Top & Shorts Set,Makemake Organics,TSS/12-TS-SS26-2Y,28.8,17.28
organic-tee-shorts-set-coastal,Organic Tee & Shorts Set,Makemake Organics,TSS/4-CO-SS26-2Y,28.8,17.28
organic-tee-shorts-set-lemons,Organic Tee & Shorts Set,Makemake Organics,TSS/4-LE-SS26-2Y,28.8,17.28
organic-tee-shorts-set-ice-cream,Organic Tee & Shorts Set,Makemake Organics,TSS/4-IC-SS26-2Y,28.8,17.28
organic-tee-shorts-set-cars,Organic Tee & Shorts Set,Makemake Organics,TSS/4-CA-SS26-2Y,28.8,17.28
organic-tee-shorts-set-horses,Organic Tee & Shorts Set,Makemake Organics,TSS/4-HO-SS26-2Y,28.8,17.28
organic-terry-tee-shorts-set-butter-yellow,Organic Terry Tee & Shorts Set,Makemake Organics,TSS/10-BY-SS26-2Y,28.8,17.28
organic-terry-tee-shorts-set-light-blue,Organic Terry Tee & Shorts Set,Makemake Organics,TSS/10-LB-SS26-2Y,28.8,17.28
organic-terry-tee-shorts-set-cabana-stripes,Organic Terry Tee & Shorts Set,Makemake Organics,TSS/10-CS-SS26-2Y,28.8,17.28
organic-tie-shoulder-bubble-romper-spring-weave,Organic Tie Shoulder Bubble Romper,Makemake Organics,RO/ST1-SW-SS26-0/3,22.8,13.68
organic-tie-shoulder-bubble-romper-ivy-floral,Organic Tie Shoulder Bubble Romper,Makemake Organics,RO/ST1-IF-SS26-0/3,22.8,13.68
organic-tie-shoulder-bubble-romper-blue-vines,Organic Tie Shoulder Bubble Romper,Makemake Organics,RO/ST1-BV-SS26-0/3,22.8,13.68
organic-tie-up-top-shorts-set-lavender,Organic Tie Up Top & Shorts Set,Makemake Organics,TSS/17-LA-SS26-2Y,31.2,18.72
organic-tie-up-top-shorts-set-tulle-floral,Organic Tie Up Top & Shorts Set,Makemake Organics,TSS/17-TF-SS26-2Y,31.2,18.72
organic-tie-up-top-shorts-set-pink-bloom,Organic Tie Up Top & Shorts Set,Makemake Organics,TSS/17-PIB-SS26-2Y,31.2,18.72
organic-tie-back-strap-dress-fog-stripes,Organic Tie-Back Strap Dress,Makemake Organics,DR/SD5-FS-SS26-6/12,28.8,17.28
organic-tie-back-strap-dress-dotty-gingham,Organic Tie-Back Strap Dress,Makemake Organics,DR/SD5-DG-SS26-6/12,28.8,17.28
organic-wearable-blanket-poppy,Organic Wearable Blanket - Poppy,Makemake Organics,MS-SS-PO-SS26-3/24,31.2,18.72
birch-100-organic-cotton-baby-wipes-with-hydra-vitamin-b5™,100% Organic Cotton Baby Wipes With Hydra Vitamin B5™,Parasol Co,WP400-Cotton,31.17,28.05
birch-disposable-bibs,Disposable Bibs,Parasol Co,BIB-80PCS,36.67,28.05
birch-disposable-placemats,Disposable Placemats,Parasol Co,TABLEMAT-80PCS,36.67,28.05
birch-pure-water-natural-baby-wipes,Pure Water Natural Baby Wipes,Parasol Co,WP60-PURE-600,36.67,28.05
birch-pure-white-rashshield®-protection-diapers,Pure White RashShield®  Protection Diapers,Parasol Co,sku-48314586267840,90.67,81.6
pure-white-rashshield®-diapers,Pure White RashShield® Diapers,Parasol Co,DP-WHITE3-256,106.67,90.67
birch-rashshield®-protection-diaper-pants,RashShield®  Protection Diaper Pants,Parasol Co,DPP-BTR4-96,75.56,57.81
birch-rashshield®-protection-diapers,RashShield®  Protection Diapers,Parasol Co,DP-PUREDRY1-M,93.33,71.4
birch-recovery-care™-postpartum-underwear,Recovery Care™ Postpartum Underwear,Parasol Co,PPUW-ML-32CT,38.89,29.75
baby-led-weaning-food-cutters,Baby-Led Weaning Food Cutters,ezpz,PCFCS001,11.99,8.39
baby-led-weaning-travel-box,Baby-Led Weaning Travel Box,ezpz,PCBXS001,19.99,13.99
baby-led™-gumline-feeder,Baby-Led™ Gumline Feeder,ezpz,PCGFP003,13.99,9.79
baby-led™-tiny-cup,Baby-Led™ Tiny Cup,ezpz,PCTSB005,11.49,8.04
baby-led™-tiny-spoons,Baby-Led™ Tiny Spoons,ezpz,PCSSB005,15.99,11.19
baby-led™-toothbrush,Baby-Led™ Toothbrush,ezpz,PCBTP003,8.99,6.29
baby-led™-toothbrush-tongue-depressor,Baby-Led™ Toothbrush + Tongue Depressor,ezpz,PCDDP003,11.99,8.39
developmental-cup-set,Developmental Cup Set,ezpz,PCDCB005,39.99,27.99
developmental-utensil-set,Developmental Utensil Set,ezpz,PCDUP003,44.99,31.49
first-foods-set-baby-4-months-sage,First Foods Set (Baby 4+ months),ezpz,PCFFS001,37.5,18.75
ice-tray-for-the-baby-led™-gumline-feeder,Ice Tray for the Baby-Led™ Gumline Feeder,ezpz,PCITP003,9.99,6.99
kit-1-prepare-for-starting-solids,Kit 1 - Prepare for Starting Solids,ezpz,PCKKP003,50.0,35.0
kit-2-learn-to-eat-and-drink,Kit 2 - Learn to Eat and Drink,ezpz,PCKSS001,60.0,42.0
mini-cup-straw-training-system-baby-toddler-9-months,Mini Cup + Straw Training System (Baby / Toddler 9+ months),ezpz,PKSTB005,17.5,8.75
mini-feeding-set-toddler-12-months-pewter,Mini Feeding Set (Toddler 12+ months),ezpz,PKMFP003,35.0,17.5
oral-development-tools,Oral Development Tools,ezpz,PCDTI001,16.99,11.89
